,x [mm],y [mm],v_rms [m/s],u_rms [m/s],u [m/s],v [m/s],case_name,trailing_edge,phi [deg],alpha [deg],U [m/s],z [z/lambda],vorticity_xy,u_rate_of_change,y_plus,u_plus
0,-0.994082840237,1.0658436214,0.916343200498,1.81338933998,7.45851974193,0.228861648865,STE_phi0_alpha0_U20_loc00.dat,straight,0,0,20,0,-1934.88198894,1.87071969821,37.0265455564,14.1278338199
1,-0.994082840237,1.21810699588,0.946871924028,1.82058366949,7.7433618359,0.258179584327,STE_phi0_alpha0_U20_loc00.dat,straight,0,0,20,0,-1848.92979971,1.83262825888,42.3160520644,14.6673781139
2,-0.994082840237,1.37037037037,0.965770474758,1.83433436917,8.02240399877,0.288226456855,STE_phi0_alpha0_U20_loc00.dat,straight,0,0,20,0,-1828.89819515,1.78645593571,47.6055585725,15.1959362518
3,-0.994082840237,1.52263374486,0.98788780335,1.84591940382,8.29441580791,0.329544836005,STE_phi0_alpha0_U20_loc00.dat,straight,0,0,20,0,-1796.54294944,1.76693838528,52.8950650806,15.7111775824
4,-0.994082840237,1.67489711934,1.00644586828,1.85874118793,8.56345580896,0.369831179753,STE_phi0_alpha0_U20_loc00.dat,straight,0,0,20,0,-1785.92812568,1.7684277837,58.1845715886,16.2207897518
5,-0.994082840237,1.82716049383,1.02199912816,1.85833211549,8.83272259085,0.414954202351,STE_phi0_alpha0_U20_loc00.dat,straight,0,0,20,0,-1771.44192399,1.7671657308,63.4740780967,16.7308314865
6,-0.994082840237,1.97942386831,1.03773621189,1.8591633789,9.10179720829,0.462049234902,STE_phi0_alpha0_U20_loc00.dat,straight,0,0,20,0,-1799.12401904,1.82765789849,68.7635846047,17.2405092258
7,-0.994082840237,2.1316872428,1.04734042024,1.85521097421,9.38008256732,0.507691674937,STE_phi0_alpha0_U20_loc00.dat,straight,0,0,20,0,-1835.7204514,1.84152376953,74.0530911128,17.7676338354
8,-0.994082840237,2.28395061728,1.05625301586,1.85047321957,9.66047919067,0.552355076422,STE_phi0_alpha0_U20_loc00.dat,straight,0,0,20,0,-1851.58601967,1.83850645931,79.3425976208,18.2987575751
9,-0.994082840237,2.43621399177,1.05721526159,1.84455142226,9.94041638818,0.587784931908,STE_phi0_alpha0_U20_loc00.dat,straight,0,0,20,0,-1849.93870663,1.83314668415,84.6321041289,18.8290110762
10,-0.994082840237,2.58847736626,1.05623218712,1.83896773213,10.2195374882,0.621718825168,STE_phi0_alpha0_U20_loc00.dat,straight,0,0,20,0,-1819.07381966,1.78172763593,89.9216106369,19.3577187359
11,-0.994082840237,2.74074074074,1.05909686933,1.83858446856,10.4908293505,0.65266349499,STE_phi0_alpha0_U20_loc00.dat,straight,0,0,20,0,-1767.3383764,1.73936503703,95.211117145,19.8715963523
12,-0.994082840237,2.89300411523,1.05930240869,1.84267852288,10.7556709405,0.684766565893,STE_phi0_alpha0_U20_loc00.dat,straight,0,0,20,0,-1697.27662279,1.67260201952,100.500623653,20.3732559445
13,-0.994082840237,3.04526748971,1.05143231346,1.84605892634,11.0103469682,0.719513914925,STE_phi0_alpha0_U20_loc00.dat,straight,0,0,20,0,-1632.17016885,1.61117240399,105.790130161,20.855660057
14,-0.994082840237,3.1975308642,1.04278574728,1.84103774315,11.2556695153,0.756216162702,STE_phi0_alpha0_U20_loc00.dat,straight,0,0,20,0,-1610.66493461,1.64376020848,111.079636669,21.3203469248
15,-0.994082840237,3.34979423868,1.03060435407,1.83579034391,11.5059539915,0.792839154011,STE_phi0_alpha0_U20_loc00.dat,straight,0,0,20,0,-1647.28127726,1.6873535516,116.369143177,21.7944326161
16,-0.994082840237,3.50205761317,1.01275441316,1.83198702023,11.7628761372,0.829198996365,STE_phi0_alpha0_U20_loc00.dat,straight,0,0,20,0,-1670.3380296,1.70293827716,121.658649685,22.281091297
17,-0.994082840237,3.65432098765,0.997661236649,1.82360746408,12.0221712658,0.868336512551,STE_phi0_alpha0_U20_loc00.dat,straight,0,0,20,0,-1707.94554921,1.75066668904,126.948156193,22.7722448522
18,-0.994082840237,3.80658436214,0.985693141471,1.80914834214,12.2887336835,0.913341413453,STE_phi0_alpha0_U20_loc00.dat,straight,0,0,20,0,-1729.95310254,1.75075331914,132.237662701,23.2771640144
19,-0.994082840237,3.95884773663,0.974461843879,1.7941789134,12.5553092917,0.958726068628,STE_phi0_alpha0_U20_loc00.dat,straight,0,0,20,0,-1738.28738327,1.76409060538,137.527169209,23.7821081621
20,-0.994082840237,4.11111111111,0.965382328499,1.77674919951,12.8239156802,1.00618038101,STE_phi0_alpha0_U20_loc00.dat,straight,0,0,20,0,-1740.31039155,1.7483524611,142.816675717,24.2908989879
21,-0.994082840237,4.2633744856,0.958983764525,1.76000506958,13.0901257257,1.05108276979,STE_phi0_alpha0_U20_loc00.dat,straight,0,0,20,0,-1725.1744816,1.71777783883,148.106182226,24.7951506913
22,-0.994082840237,4.41563786008,0.949406335714,1.73831798769,13.3516803761,1.09615188183,STE_phi0_alpha0_U20_loc00.dat,straight,0,0,20,0,-1717.00555217,1.72378144989,153.395688734,25.2905842039
23,-0.994082840237,4.56790123457,0.939594174706,1.71655983488,13.6141491565,1.13885109275,STE_phi0_alpha0_U20_loc00.dat,straight,0,0,20,0,-1691.73234879,1.68191708853,158.685195242,25.7877492503
24,-0.994082840237,4.72016460905,0.930333081414,1.68984675846,13.870243528,1.17461972905,STE_phi0_alpha0_U20_loc00.dat,straight,0,0,20,0,-1656.81305519,1.6641472934,163.97470175,26.2728399717
25,-0.994082840237,4.87242798354,0.920854337505,1.66345810532,14.1236322106,1.20901387466,STE_phi0_alpha0_U20_loc00.dat,straight,0,0,20,0,-1592.89897777,1.57231474633,169.264208258,26.7528056114
26,-0.994082840237,5.02469135802,0.910648042238,1.64520502271,14.3630381596,1.24123177229,STE_phi0_alpha0_U20_loc00.dat,straight,0,0,20,0,-1527.43575668,1.55392199156,174.553714766,27.206285334
27,-0.994082840237,5.17695473251,0.900076719688,1.62817564945,14.5996435657,1.27322291205,STE_phi0_alpha0_U20_loc00.dat,straight,0,0,20,0,-1503.49567626,1.546411155,179.843221274,27.6544603036
28,-0.994082840237,5.329218107,0.884627890328,1.60741442721,14.8351053465,1.30646073242,STE_phi0_alpha0_U20_loc00.dat,straight,0,0,20,0,-1490.49418214,1.54432277221,185.132727782,28.1004690325
29,-0.994082840237,5.48148148148,0.868059627162,1.58496553813,15.0702491431,1.33971356389,STE_phi0_alpha0_U20_loc00.dat,straight,0,0,20,0,-1467.16774899,1.5122968685,190.42223429,28.5458754398
30,-0.994082840237,5.63374485597,0.852919507197,1.55746250197,15.3005165675,1.37789534609,STE_phi0_alpha0_U20_loc00.dat,straight,0,0,20,0,-1465.1363081,1.52060190945,195.711740798,28.9820450846
31,-0.994082840237,5.78600823045,0.838702195582,1.52459437857,15.5320485455,1.41495968283,STE_phi0_alpha0_U20_loc00.dat,straight,0,0,20,0,-1471.03567819,1.48281737209,201.001247306,29.4206100307
32,-0.994082840237,5.93827160494,0.821036458473,1.48984277192,15.7578273223,1.45159557839,STE_phi0_alpha0_U20_loc00.dat,straight,0,0,20,0,-1455.64653401,1.45658727101,206.290753814,29.848277336
33,-0.994082840237,6.09053497942,0.797311360991,1.45124799825,15.9796122154,1.48847071156,STE_phi0_alpha0_U20_loc00.dat,straight,0,0,20,0,-1441.30678918,1.43878058194,211.580260322,30.2683794772
34,-0.994082840237,6.24279835391,0.776041864321,1.41328614955,16.198685802,1.52401817936,STE_phi0_alpha0_U20_loc00.dat,straight,0,0,20,0,-1412.26418042,1.41094973887,216.86976683,30.6833458957
35,-0.994082840237,6.3950617284,0.758531672095,1.3777539104,16.4135217705,1.5592075654,STE_phi0_alpha0_U20_loc00.dat,straight,0,0,20,0,-1399.68026448,1.41971417341,222.159273338,31.0902854717
36,-0.994082840237,6.54732510288,0.740097528872,1.34136764774,16.6296922413,1.59370333364,STE_phi0_alpha0_U20_loc00.dat,straight,0,0,20,0,-1394.28369857,1.43116947562,227.448779846,31.4997528452
37,-0.994082840237,6.69958847737,0.719689845605,1.30384925348,16.8476069351,1.62782378542,STE_phi0_alpha0_U20_loc00.dat,straight,0,0,20,0,-1387.33065058,1.41613490699,232.738286354,31.9125241038
38,-0.994082840237,6.85185185185,0.6989956474,1.26038790983,17.0632324148,1.66149118855,STE_phi0_alpha0_U20_loc00.dat,straight,0,0,20,0,-1357.33181272,1.37915164789,238.027792862,32.3209591619
39,-0.994082840237,7.00411522634,0.678253489541,1.20398563328,17.2732266986,1.69391579378,STE_phi0_alpha0_U20_loc00.dat,straight,0,0,20,0,-1304.43001613,1.31518354169,243.317299371,32.71872768
40,-0.994082840237,7.15637860082,0.6583996039,1.14912084721,17.4734809827,1.72516300814,STE_phi0_alpha0_U20_loc00.dat,straight,0,0,20,0,-1204.64173326,1.18968973836,248.606805879,33.0980468138
41,-0.994082840237,7.30864197531,0.635723222605,1.09535610257,17.6546271569,1.75227151728,STE_phi0_alpha0_U20_loc00.dat,straight,0,0,20,0,-1136.59218641,1.1651115806,253.896312387,33.4411716072
42,-0.994082840237,7.46090534979,0.612661082408,1.04008731256,17.8320309778,1.78040212843,STE_phi0_alpha0_U20_loc00.dat,straight,0,0,20,0,-1079.82888996,1.05643887771,259.185818895,33.7772076824
43,-0.994082840237,7.61316872428,0.59009351003,0.98145625246,17.9928879263,1.80641279337,STE_phi0_alpha0_U20_loc00.dat,straight,0,0,20,0,-1012.48540496,1.02861992744,264.475325403,34.081900881
44,-0.994082840237,7.76543209877,0.564254361326,0.920393207309,18.1495090675,1.83149963699,STE_phi0_alpha0_U20_loc00.dat,straight,0,0,20,0,-957.286507601,0.948882265264,269.764831911,34.378570667
45,-0.994082840237,7.91769547325,0.538713222092,0.853849056542,18.2939890832,1.857734713,STE_phi0_alpha0_U20_loc00.dat,straight,0,0,20,0,-906.485846142,0.935618363782,275.054338419,34.6522428865
46,-0.994082840237,8.06995884774,0.512687382157,0.781341928149,18.4364494925,1.88470220967,STE_phi0_alpha0_U20_loc00.dat,straight,0,0,20,0,-827.716919166,0.792954797987,280.343844927,34.9220895931
47,-0.994082840237,8.22222222222,0.490051872711,0.715586672552,18.5571874658,1.91044708292,STE_phi0_alpha0_U20_loc00.dat,straight,0,0,20,0,-741.838756436,0.772733487997,285.633351435,35.1507899361
48,-0.994082840237,8.37448559671,0.467329498982,0.645634185781,18.6748464743,1.93564389828,STE_phi0_alpha0_U20_loc00.dat,straight,0,0,20,0,-658.941410882,0.612347155736,290.922857943,35.3736581427
49,-0.994082840237,8.52674897119,0.449580454427,0.585261471305,18.7680845186,1.95773711496,STE_phi0_alpha0_U20_loc00.dat,straight,0,0,20,0,-547.347674759,0.550288344365,296.212364451,35.5502684677
50,-0.994082840237,8.67901234568,0.43481211741,0.526885134857,18.8518732788,1.97983202851,STE_phi0_alpha0_U20_loc00.dat,straight,0,0,20,0,-465.672993695,0.454047346854,301.501870959,35.7089800783
51,-0.994082840237,8.83127572016,0.41727914807,0.478988911933,18.9210080601,1.99875966078,STE_phi0_alpha0_U20_loc00.dat,straight,0,0,20,0,-383.428574367,0.407691633248,306.791377467,35.839934307
52,-0.994082840237,8.98353909465,0.395462309017,0.433480410609,18.9830845639,2.01463148404,STE_phi0_alpha0_U20_loc00.dat,straight,0,0,20,0,-331.311140681,0.360236769684,312.080883975,35.9575188359
53,-0.994082840237,9.13580246914,0.373999342893,0.393324103358,19.03793543,2.03074285809,STE_phi0_alpha0_U20_loc00.dat,straight,0,0,20,0,-264.455528001,0.273552000392,317.370390483,36.0614166533
54,-0.994082840237,9.28806584362,0.352912650941,0.370844656175,19.0795873807,2.04754766781,STE_phi0_alpha0_U20_loc00.dat,straight,0,0,20,0,-207.722164481,0.243030723076,322.659896991,36.1403132518
55,-0.994082840237,9.44032921811,0.332168613022,0.350070346058,19.1165920587,2.06312695561,STE_phi0_alpha0_U20_loc00.dat,straight,0,0,20,0,-164.677906831,0.188270647669,327.949403499,36.2104070451
56,-0.994082840237,9.59259259259,0.313209926373,0.331614015533,19.1452587829,2.07501352002,STE_phi0_alpha0_U20_loc00.dat,straight,0,0,20,0,-129.361116219,0.1707622841,333.238910007,36.2647071916
57,-0.994082840237,9.74485596708,0.294399208717,0.314105969009,19.1712596245,2.08584477441,STE_phi0_alpha0_U20_loc00.dat,straight,0,0,20,0,-91.1997815162,0.110126012642,338.528416516,36.3139576571
58,-0.994082840237,9.89711934156,0.279668397755,0.302733847223,19.1880277828,2.09399182237,STE_phi0_alpha0_U20_loc00.dat,straight,0,0,20,0,-57.6688807303,0.108704032724,343.817923024,36.3457196906
59,-0.994082840237,10.049382716,0.264215024017,0.2912280753,19.2045794256,2.10212798905,STE_phi0_alpha0_U20_loc00.dat,straight,0,0,20,0,-34.889638129,0.0653197513107,349.107429532,36.3770716033
60,-0.994082840237,10.2016460905,0.249823255149,0.283583863709,19.2145252314,2.11039614965,STE_phi0_alpha0_U20_loc00.dat,straight,0,0,20,0,-16.0453861526,0.0712088113857,354.39693604,36.3959108228
61,-0.994082840237,10.353909465,0.234191352474,0.275266853938,19.2253677253,2.11864629194,STE_phi0_alpha0_U20_loc00.dat,straight,0,0,20,0,-14.5908882454,0.0613083017848,359.686442548,36.4164485378
62,-0.994082840237,10.5061728395,0.222353330524,0.269843323799,19.2347027342,2.12820071429,STE_phi0_alpha0_U20_loc00.dat,straight,0,0,20,0,-13.021661887,0.0615508897311,364.975949056,36.4341307937
63,-0.994082840237,10.658436214,0.209604866238,0.264001451977,19.2440746804,2.13822679398,STE_phi0_alpha0_U20_loc00.dat,straight,0,0,20,0,-14.7125735499,0.055698270984,370.265455564,36.4518830156
64,-0.994082840237,10.8106995885,0.20038747051,0.259779807006,19.2525554871,2.1464478045,STE_phi0_alpha0_U20_loc00.dat,straight,0,0,20,0,-10.0680570723,0.0533620574725,375.554962072,36.4679472525
65,-0.994082840237,10.962962963,0.191550203379,0.255742729815,19.260680574,2.15419170315,STE_phi0_alpha0_U20_loc00.dat,straight,0,0,20,0,-9.00583670094,0.0543097727589,380.84446858,36.4833376895
66,-0.994082840237,11.1152263374,0.183637839513,0.251762303498,19.2689499633,2.16169857591,STE_phi0_alpha0_U20_loc00.dat,straight,0,0,20,0,-7.93984173892,0.0549059001567,386.133975088,36.4990014621
67,-0.994082840237,11.2674897119,0.175561040271,0.247623115318,19.2773101209,2.16929549416,STE_phi0_alpha0_U20_loc00.dat,straight,0,0,20,0,-3.5584733795,0.049006189259,391.423481596,36.514837167
68,-0.994082840237,11.4197530864,0.167593023136,0.243764946226,19.2847719687,2.17743124028,STE_phi0_alpha0_U20_loc00.dat,straight,0,0,20,0,2.49294798567,0.0467905182832,396.712988104,36.5289713047
69,-0.994082840237,11.5720164609,0.159942769663,0.240440152969,19.2918964509,2.18563146867,STE_phi0_alpha0_U20_loc00.dat,straight,0,0,20,0,6.67020977246,0.0460738409578,402.002494612,36.5424664088
70,-0.994082840237,11.7242798354,0.154335872655,0.238224874998,19.2989118094,2.19425129864,STE_phi0_alpha0_U20_loc00.dat,straight,0,0,20,0,7.96797873381,0.0460002171825,407.29200112,36.5557548122
71,-0.994082840237,11.8765432099,0.15049353933,0.236508611548,19.3059159577,2.20280865509,STE_phi0_alpha0_U20_loc00.dat,straight,0,0,20,0,7.5841509656,0.0456058730666,412.581507628,36.5690219814
72,-0.994082840237,12.0288065844,0.146649628548,0.234404321129,19.3128600618,2.21067824424,STE_phi0_alpha0_U20_loc00.dat,straight,0,0,20,0,10.0520883876,0.0452777973282,417.871014136,36.5821754157
73,-0.994082840237,12.1810699588,0.143679794407,0.232157076195,19.319754212,2.21714356056,STE_phi0_alpha0_U20_loc00.dat,straight,0,0,20,0,9.53183845587,0.0451304835055,423.160520644,36.5952342279
74,-0.994082840237,12.3333333333,0.140736165249,0.230036832523,19.3266259317,2.22363658529,STE_phi0_alpha0_U20_loc00.dat,straight,0,0,20,0,6.2702464601,0.0482223926735,428.450027152,36.6082505525
75,-0.994082840237,12.4855967078,0.13695642746,0.228046909041,19.3339684359,2.22926409281,STE_phi0_alpha0_U20_loc00.dat,straight,0,0,20,0,4.53155624009,0.0483118449808,433.739533661,36.6221586312
76,-0.994082840237,12.6378600823,0.132944172504,0.226122345913,19.3413245605,2.2349794204,STE_phi0_alpha0_U20_loc00.dat,straight,0,0,20,0,1.75535078287,0.0505240584158,439.029040169,36.6360925093
77,-0.994082840237,12.7901234568,0.129353917997,0.225668174569,19.3490175241,2.24206125155,STE_phi0_alpha0_U20_loc00.dat,straight,0,0,20,0,0.325633762463,0.0506714946727,444.318546677,36.6506644238
78,-0.994082840237,12.9423868313,0.125896919417,0.225052247502,19.3567329369,2.24908120984,STE_phi0_alpha0_U20_loc00.dat,straight,0,0,20,0,1.0239152571,0.0472215717235,449.608053185,36.6652788611
79,-0.994082840237,13.0946502058,0.123443542402,0.224833353692,19.3639230527,2.2566275021,STE_phi0_alpha0_U20_loc00.dat,straight,0,0,20,0,0.778563766996,0.0459608593786,454.897559693,36.6788982877
80,-0.994082840237,13.2469135802,0.120873731514,0.224747286723,19.3709212083,2.2644320858,STE_phi0_alpha0_U20_loc00.dat,straight,0,0,20,0,3.18515297125,0.0408386108988,460.187066201,36.6921541055
81,-0.994082840237,13.3991769547,0.118448111613,0.224184382889,19.377139433,2.27108800086,STE_phi0_alpha0_U20_loc00.dat,straight,0,0,20,0,5.81803313339,0.0388593260542,465.476572709,36.7039325881
82,-0.994082840237,13.5514403292,0.116048765063,0.223584726286,19.3830562851,2.27781400269,STE_phi0_alpha0_U20_loc00.dat,straight,0,0,20,0,5.16798706605,0.0370196779936,470.766079217,36.7151402146
83,-0.994082840237,13.7037037037,0.113808905229,0.22340398563,19.3886930262,2.28459120675,STE_phi0_alpha0_U20_loc00.dat,straight,0,0,20,0,5.31175412388,0.0370315874355,476.055585725,36.7258172583
84,-0.994082840237,13.8559670782,0.111557649012,0.223326877432,19.3943315807,2.29125248732,STE_phi0_alpha0_U20_loc00.dat,straight,0,0,20,0,4.16590756841,0.0409542432203,481.345092233,36.7364977369
85,-0.994082840237,14.0082304527,0.110218079553,0.222948309693,19.4005674119,2.298240531,STE_phi0_alpha0_U20_loc00.dat,straight,0,0,20,0,-0.529293876269,0.0432870294315,486.634598741,36.7483095697
86,-0.994082840237,14.1604938272,0.10946200556,0.22238736646,19.4071584411,2.30537642331,STE_phi0_alpha0_U20_loc00.dat,straight,0,0,20,0,-1.21725540186,0.0408001176603,491.924105249,36.7607942139
87,-0.994082840237,14.3127572016,0.108853003283,0.22120466903,19.4133708047,2.31149913467,STE_phi0_alpha0_U20_loc00.dat,straight,0,0,20,0,3.06763886835,0.039210673182,497.213611757,36.7725615945
88,-0.994082840237,14.4650205761,0.10836389611,0.21943448639,19.4193411541,2.31659163709,STE_phi0_alpha0_U20_loc00.dat,straight,0,0,20,0,0.938043234373,0.0395225269142,502.503118265,36.7838705549
89,-0.994082840237,14.6172839506,0.107800816739,0.217783351456,19.4253589874,2.32114334185,STE_phi0_alpha0_U20_loc00.dat,straight,0,0,20,0,1.57461230523,0.037801951033,507.792624773,36.7952694587
90,-0.994082840237,14.7695473251,0.107372201993,0.216146893914,19.4311148401,2.32556903221,STE_phi0_alpha0_U20_loc00.dat,straight,0,0,20,0,4.64198805024,0.0383912413279,513.082131281,36.8061721219
91,-0.994082840237,14.9218106996,0.107081028813,0.214558239499,19.43696042,2.33033334706,STE_phi0_alpha0_U20_loc00.dat,straight,0,0,20,0,5.6771611494,0.0316837541147,518.371637789,36.8172447456
92,-0.994082840237,15.0740740741,0.106737494618,0.214680638045,19.4417846953,2.3376668146,STE_phi0_alpha0_U20_loc00.dat,straight,0,0,20,0,12.1336097278,0.0328523400197,523.661144297,36.8263828269
93,-0.994082840237,15.2263374486,0.106241863021,0.215018215738,19.4467869035,2.34510090382,STE_phi0_alpha0_U20_loc00.dat,straight,0,0,20,0,9.55493003718,0.0360239800588,528.950650806,36.8358579464
94,-0.994082840237,15.378600823,0.105463891374,0.215691691413,19.4522720363,2.35219096885,STE_phi0_alpha0_U20_loc00.dat,straight,0,0,20,0,2.97112658398,0.0381774965885,534.240157314,36.8462478155
95,-0.994082840237,15.5308641975,0.104564665933,0.216294029613,19.4580850707,2.35861452956,STE_phi0_alpha0_U20_loc00.dat,straight,0,0,20,0,-1.55160121414,0.0442494896316,539.529663822,36.8572587919
96,-0.994082840237,15.683127572,0.103458883089,0.216817641094,19.4648226473,2.36302732189,STE_phi0_alpha0_U20_loc00.dat,straight,0,0,20,0,-4.52455409412,0.0453207932606,544.81917033,36.8700210244
97,-0.994082840237,15.8353909465,0.10249626152,0.217026206777,19.4717233442,2.36752580452,STE_phi0_alpha0_U20_loc00.dat,straight,0,0,20,0,-4.10775050331,0.0426484019783,550.108676838,36.8830922373
98,-0.994082840237,15.987654321,0.10176714112,0.216677633242,19.4782171338,2.3731305123,STE_phi0_alpha0_U20_loc00.dat,straight,0,0,20,0,-0.00629579168649,0.0425954794589,555.398183346,36.8953926915
99,-0.994082840237,16.1399176955,0.10089985438,0.216400457448,19.4847028653,2.37858090468,STE_phi0_alpha0_U20_loc00.dat,straight,0,0,20,0,4.80165348384,0.0361676530613,560.687689854,36.907677882
100,-0.994082840237,16.29218107,0.101098193857,0.216127267201,19.4902098742,2.38548813993,STE_phi0_alpha0_U20_loc00.dat,straight,0,0,20,0,6.41699946343,0.0326564164192,565.977196362,36.9181091886
101,-0.994082840237,16.4444444444,0.101499064615,0.21574374859,19.4951822503,2.39210488044,STE_phi0_alpha0_U20_loc00.dat,straight,0,0,20,0,6.01945682193,0.0341313079247,571.26670287,36.9275278007
102,-0.994082840237,16.5967078189,0.101315660193,0.216086220377,19.5003791985,2.39786889038,STE_phi0_alpha0_U20_loc00.dat,straight,0,0,20,0,5.57750718199,0.0349888545246,576.556209378,36.9373717941
103,-0.994082840237,16.7489711934,0.101067710663,0.216645713557,19.5057067195,2.40345512846,STE_phi0_alpha0_U20_loc00.dat,straight,0,0,20,0,-1.91324465776,0.0399674594194,581.845715886,36.9474631172
104,-0.994082840237,16.9012345679,0.0998621937731,0.216999386424,19.5117922998,2.40895569629,STE_phi0_alpha0_U20_loc00.dat,straight,0,0,20,0,-2.8116653425,0.0420923150733,587.135222394,36.9589903464
105,-0.994082840237,17.0534979424,0.0980951786145,0.217437610691,19.5182014177,2.41447766839,STE_phi0_alpha0_U20_loc00.dat,straight,0,0,20,0,0.061527392363,0.039354611381,592.424728902,36.9711304165
106,-0.994082840237,17.2057613169,0.0968289615782,0.217632238284,19.5241936836,2.42045851097,STE_phi0_alpha0_U20_loc00.dat,straight,0,0,20,0,3.44655835852,0.0386898334321,597.71423541,36.9824808909
107,-0.994082840237,17.3580246914,0.0958174572443,0.217673943131,19.5300847282,2.42667217187,STE_phi0_alpha0_U20_loc00.dat,straight,0,0,20,0,5.22592681843,0.0381578186214,603.003741918,36.9936396331
108,-0.994082840237,17.5102880658,0.0954235041963,0.217574379345,19.5358947665,2.43275618602,STE_phi0_alpha0_U20_loc00.dat,straight,0,0,20,0,5.69442775629,0.0386855476281,608.293248426,37.0046449341
109,-0.994082840237,17.6625514403,0.095718200178,0.217252461136,19.5417851585,2.43822195627,STE_phi0_alpha0_U20_loc00.dat,straight,0,0,20,0,0.930634673104,0.0388079960049,613.582754934,37.0158024402
110,-0.994082840237,17.8148148148,0.0958622341144,0.21678105166,19.5476941949,2.44292228895,STE_phi0_alpha0_U20_loc00.dat,straight,0,0,20,0,1.06825740099,0.0338615447775,618.872261442,37.0269952623
111,-0.994082840237,17.9670781893,0.0959308017238,0.216271571272,19.552850068,2.448181923,STE_phi0_alpha0_U20_loc00.dat,straight,0,0,20,0,2.89614380569,0.0345030616149,624.161767951,37.0367614519
112,-0.994082840237,18.1193415638,0.0961605311051,0.21592856221,19.5581036206,2.45379741355,STE_phi0_alpha0_U20_loc00.dat,straight,0,0,20,0,1.42391910513,0.0354020668514,629.451274459,37.0467126649
113,-0.994082840237,18.2716049383,0.0963050920504,0.215955044502,19.5634940587,2.46088915701,STE_phi0_alpha0_U20_loc00.dat,straight,0,0,20,0,2.63777033331,0.0357969959228,634.740780967,37.0569231647
114,-0.994082840237,18.4238683128,0.0964502310388,0.21592821908,19.5689446301,2.46789135553,STE_phi0_alpha0_U20_loc00.dat,straight,0,0,20,0,-1.3633870635,0.0398928833979,640.030287475,37.0672475681
115,-0.994082840237,18.5761316872,0.0970667093627,0.215707184867,19.5750188552,2.47360888381,STE_phi0_alpha0_U20_loc00.dat,straight,0,0,20,0,-7.69283692531,0.0398826039281,645.319793983,37.0787532884
116,-0.994082840237,18.7283950617,0.0977033504465,0.215459572828,19.581091515,2.47924967386,STE_phi0_alpha0_U20_loc00.dat,straight,0,0,20,0,-7.90310643049,0.0397037267206,650.609300491,37.090256044
117,-0.994082840237,18.8806584362,0.0985593186263,0.215471705406,19.5871369384,2.48345047424,STE_phi0_alpha0_U20_loc00.dat,straight,0,0,20,0,-7.97842187618,0.0430424049564,655.898806999,37.1017072086
118,-0.994082840237,19.0329218107,0.0988722013861,0.215550990749,19.5936907203,2.48773292983,STE_phi0_alpha0_U20_loc00.dat,straight,0,0,20,0,-5.62593748359,0.0355709809827,661.188313507,37.1141212993
119,-0.994082840237,19.1851851852,0.0988039961157,0.216259296079,19.5991068779,2.49356350221,STE_phi0_alpha0_U20_loc00.dat,straight,0,0,20,0,-0.788227140053,0.0342834593704,666.477820015,37.1243805165
120,-0.994082840237,19.3374485597,0.0987955000005,0.217170114212,19.6043269931,2.49905401788,STE_phi0_alpha0_U20_loc00.dat,straight,0,0,20,0,5.96147538074,0.0289904826657,671.767326523,37.1342683928
121,-0.994082840237,19.4897119342,0.0985915304634,0.217848864853,19.6087411818,2.50554693548,STE_phi0_alpha0_U20_loc00.dat,straight,0,0,20,0,6.16839681876,0.0278966893917,677.056833031,37.1426296933
122,-0.994082840237,19.6419753086,0.0984467667017,0.21812607799,19.6129888259,2.51191097679,STE_phi0_alpha0_U20_loc00.dat,straight,0,0,20,0,2.40124784697,0.0335876343699,682.346339539,37.150675527
123,-0.994082840237,19.7942386831,0.0986753613374,0.2182679817,19.6181029924,2.51747292184,STE_phi0_alpha0_U20_loc00.dat,straight,0,0,20,0,-1.18230533299,0.0363050353178,687.635846047,37.1603627166
124,-0.994082840237,19.9465020576,0.0991501817201,0.218394222131,19.6236309196,2.52264134061,STE_phi0_alpha0_U20_loc00.dat,straight,0,0,20,0,-6.62658032833,0.0396835764858,692.925352555,37.1708336464
125,-0.994082840237,20.0987654321,0.0987921616029,0.218087374658,19.6296732749,2.52779005664,STE_phi0_alpha0_U20_loc00.dat,straight,0,0,20,0,-10.2529793439,0.0428683515483,698.214859063,37.1822789994
126,-0.994082840237,20.2510288066,0.0976957863491,0.217399936423,19.6362005547,2.53292606828,STE_phi0_alpha0_U20_loc00.dat,straight,0,0,20,0,-7.65310261348,0.0369683059909,703.504365571,37.1946428904
127,-0.994082840237,20.4032921811,0.0970546078322,0.216843172227,19.6418294737,2.53871551892,STE_phi0_alpha0_U20_loc00.dat,straight,0,0,20,0,-1.15073861037,0.0345448826634,708.793872079,37.2053051177
128,-0.994082840237,20.5555555556,0.0965793652882,0.215912928396,19.6470893942,2.54427310811,STE_phi0_alpha0_U20_loc00.dat,straight,0,0,20,0,-0.0476844317031,0.0348077424356,714.083378587,37.2152683924
129,-0.994082840237,20.70781893,0.0963560871461,0.214803680357,19.6523893385,2.54934441417,STE_phi0_alpha0_U20_loc00.dat,straight,0,0,20,0,1.724528787,0.0339690435726,719.372885096,37.22530748
130,-0.994082840237,20.8600823045,0.097290203283,0.213812271725,19.6575615797,2.55303800625,STE_phi0_alpha0_U20_loc00.dat,straight,0,0,20,0,-0.339503186132,0.0338341352187,724.662391604,37.2351046739
131,-0.994082840237,21.012345679,0.0982237171763,0.212708850048,19.6627132793,2.55732647096,STE_phi0_alpha0_U20_loc00.dat,straight,0,0,20,0,-3.6571200096,0.0368471674049,729.951898112,37.2448629581
132,-0.994082840237,21.1646090535,0.0978687015903,0.212503818322,19.6683237533,2.56099643718,STE_phi0_alpha0_U20_loc00.dat,straight,0,0,20,0,-2.12340447237,0.0349459114794,735.24140462,37.2554902472
133,-0.994082840237,21.316872428,0.0973126962502,0.212362269171,19.6736447357,2.56485355026,STE_phi0_alpha0_U20_loc00.dat,straight,0,0,20,0,1.36538023891,0.0286981834425,740.530911128,37.2655691848
134,-0.994082840237,21.4691358025,0.0962999351127,0.213461505843,19.678014418,2.57067651636,STE_phi0_alpha0_U20_loc00.dat,straight,0,0,20,0,5.11406219531,0.0288818986126,745.820417636,37.2738461817
135,-0.994082840237,21.621399177,0.0952819847188,0.214541687486,19.6824120733,2.57655052048,STE_phi0_alpha0_U20_loc00.dat,straight,0,0,20,0,5.88324772506,0.0271818938647,751.109924144,37.2821761648
136,-0.994082840237,21.7736625514,0.0945074564336,0.215947344916,19.6865508802,2.5812793373,STE_phi0_alpha0_U20_loc00.dat,straight,0,0,20,0,3.74105542117,0.0259146141823,756.399430652,37.2900158405
137,-0.994082840237,21.9259259259,0.0936771258667,0.217402250087,19.6904967268,2.58635458997,STE_phi0_alpha0_U20_loc00.dat,straight,0,0,20,0,1.7133738806,0.0275317410621,761.68893716,37.2974900133
138,-0.994082840237,22.0781893004,0.0935196223924,0.21833851254,19.6946888026,2.58994424535,STE_phi0_alpha0_U20_loc00.dat,straight,0,0,20,0,0.138020766827,0.0320073606358,766.978443668,37.3054305903
139,-0.994082840237,22.2304526749,0.0938722160232,0.219179660829,19.6995623514,2.59318364469,STE_phi0_alpha0_U20_loc00.dat,straight,0,0,20,0,-3.50219621268,0.0342343546733,772.267950176,37.3146620047
140,-0.994082840237,22.3827160494,0.0940813174603,0.219795272098,19.7047749897,2.59712816129,STE_phi0_alpha0_U20_loc00.dat,straight,0,0,20,0,-0.204945292687,0.0266949446666,777.557456684,37.3245357184
141,-0.994082840237,22.5349794239,0.094691849217,0.22046571832,19.7088396521,2.6018624957,STE_phi0_alpha0_U20_loc00.dat,straight,0,0,20,0,5.15594151023,0.0261163913225,782.846963192,37.3322349505
142,-0.994082840237,22.6872427984,0.094737493963,0.220625033599,19.712816222,2.60671079541,STE_phi0_alpha0_U20_loc00.dat,straight,0,0,20,0,5.26698428031,0.0263954833388,788.1364697,37.3397673188
143,-0.994082840237,22.8395061728,0.0942950579173,0.220366507208,19.7168352873,2.61162437104,STE_phi0_alpha0_U20_loc00.dat,straight,0,0,20,0,2.86011126287,0.0307778979194,793.425976208,37.3473801817
144,-0.994082840237,22.9917695473,0.0939870143503,0.21996141433,19.7215216339,2.61609939552,STE_phi0_alpha0_U20_loc00.dat,straight,0,0,20,0,-3.09285401828,0.0358368792788,798.715482716,37.3562570001
145,-0.994082840237,23.1440329218,0.0937373978066,0.219434068699,19.7269782781,2.62005590047,STE_phi0_alpha0_U20_loc00.dat,straight,0,0,20,0,-5.30843383802,0.035170002084,804.004989224,37.3665929066
146,-0.994082840237,23.2962962963,0.093727889847,0.219172587648,19.7323333813,2.6243047548,STE_phi0_alpha0_U20_loc00.dat,straight,0,0,20,0,-15.5424846937,0.052922208622,809.294495732,37.3767364753
147,-0.980544747082,0.5,0.289546720177,1.47636733774,5.16023235966,0.0781359198125,Sr20R21_phi0_alpha0_U20_loc00.dat,serrated,0,0,20,0,-4288.35591778,4.346430545,17.2436284286,9.84585069707
148,-0.980544747082,0.666666666667,0.383902386249,1.52012261592,5.88463745049,0.189221048913,Sr20R21_phi0_alpha0_U20_loc00.dat,serrated,0,0,20,0,-4145.82718127,3.85869911081,22.9915045715,11.2280334887
149,-0.980544747082,0.833333333333,0.537180882539,1.5981550419,6.52775396896,0.265560848246,Sr20R21_phi0_alpha0_U20_loc00.dat,serrated,0,0,20,0,-3791.4599202,3.75848643153,28.7393807143,12.4551156781
150,-0.980544747082,1.0,0.676542817062,1.68264874338,7.15416837421,0.331823629649,Sr20R21_phi0_alpha0_U20_loc00.dat,serrated,0,0,20,0,-3169.78597816,2.63692930657,34.4872568572,13.6503298233
151,-0.980544747082,1.16666666667,0.758375591817,1.71085416346,7.59365659197,0.380347668064,Sr20R21_phi0_alpha0_U20_loc00.dat,serrated,0,0,20,0,-2408.47421618,2.27410636199,40.2351330001,14.4888841894
152,-0.980544747082,1.33333333333,0.820135545693,1.72323494271,7.97267431897,0.424405144228,Sr20R21_phi0_alpha0_U20_loc00.dat,serrated,0,0,20,0,-2051.00452262,1.94285041152,45.9830091429,15.2120593667
153,-0.980544747082,1.5,0.850000640955,1.72759759253,8.29648272089,0.460930166594,Sr20R21_phi0_alpha0_U20_loc00.dat,serrated,0,0,20,0,-1844.56171131,1.8905242651,51.7308852858,15.8298937892
154,-0.980544747082,1.66666666667,0.873510766441,1.72923914905,8.61157009841,0.495093699802,Sr20R21_phi0_alpha0_U20_loc00.dat,serrated,0,0,20,0,-1805.94825597,1.87050270441,57.4787614287,16.4310882818
155,-0.980544747082,1.83333333333,0.892432554851,1.74291645367,8.92332054914,0.53250745076,Sr20R21_phi0_alpha0_U20_loc00.dat,serrated,0,0,20,0,-1797.89124374,1.86456623743,63.2266375715,17.0259158359
156,-0.980544747082,2.0,0.911319339294,1.76135294762,9.23408158871,0.570246204609,Sr20R21_phi0_alpha0_U20_loc00.dat,serrated,0,0,20,0,-1769.12394573,1.80427511836,68.9745137144,17.618855569
157,-0.980544747082,2.16666666667,0.926758602972,1.76810709593,9.53479410844,0.615531740441,Sr20R21_phi0_alpha0_U20_loc00.dat,serrated,0,0,20,0,-1738.7775157,1.79944518378,74.7223898573,18.1926224782
158,-0.980544747082,2.33333333333,0.942701762508,1.77500378466,9.83470163907,0.66046636182,Sr20R21_phi0_alpha0_U20_loc00.dat,serrated,0,0,20,0,-1722.44914525,1.76540007142,80.4702660001,18.7648534484
159,-0.980544747082,2.5,0.95278677151,1.77298456365,10.1289349843,0.69934805904,Sr20R21_phi0_alpha0_U20_loc00.dat,serrated,0,0,20,0,-1693.84752201,1.76720139501,86.218142143,19.3262579328
160,-0.980544747082,2.66666666667,0.961878277519,1.7714098712,10.4234685501,0.73827015135,Sr20R21_phi0_alpha0_U20_loc00.dat,serrated,0,0,20,0,-1682.67159119,1.74596958248,91.9660182859,19.8882352455
161,-0.980544747082,2.83333333333,0.964525782372,1.77010036018,10.7144634806,0.778677159383,Sr20R21_phi0_alpha0_U20_loc00.dat,serrated,0,0,20,0,-1670.30756048,1.74751856428,97.7138944287,20.4434607545
162,-0.980544747082,3.0,0.96753010966,1.76947620887,11.0057165746,0.819386778731,Sr20R21_phi0_alpha0_U20_loc00.dat,serrated,0,0,20,0,-1679.90998657,1.76175863139,103.461770572,20.9991788461
163,-0.980544747082,3.16666666667,0.971773309856,1.76875191041,11.2993430132,0.859368772496,Sr20R21_phi0_alpha0_U20_loc00.dat,serrated,0,0,20,0,-1716.28047206,1.77922283644,109.209646714,21.5594253376
164,-0.980544747082,3.33333333333,0.975928191718,1.76925413826,11.5958801526,0.897175020333,Sr20R21_phi0_alpha0_U20_loc00.dat,serrated,0,0,20,0,-1701.76134375,1.71434364559,114.957522857,22.1252255181
165,-0.980544747082,3.5,0.980955744654,1.77102778863,11.8816040935,0.938201287538,Sr20R21_phi0_alpha0_U20_loc00.dat,serrated,0,0,20,0,-1664.89590968,1.69785079714,120.705399,22.6703938491
166,-0.980544747082,3.66666666667,0.982073690765,1.76515188166,12.1645792264,0.978169350129,Sr20R21_phi0_alpha0_U20_loc00.dat,serrated,0,0,20,0,-1635.47931939,1.6644448224,126.453275143,23.2103173864
167,-0.980544747082,3.83333333333,0.976665762647,1.74505972118,12.4419866968,1.01635890779,Sr20R21_phi0_alpha0_U20_loc00.dat,serrated,0,0,20,0,-1625.15065608,1.67839395057,132.201151286,23.7396176864
168,-0.980544747082,4.0,0.966032922124,1.72272443986,12.7217190219,1.05615578599,Sr20R21_phi0_alpha0_U20_loc00.dat,serrated,0,0,20,0,-1648.03717959,1.68458310949,137.949027429,24.2733538665
169,-0.980544747082,4.16666666667,0.947351557883,1.69673386505,13.0024828734,1.10036326079,Sr20R21_phi0_alpha0_U20_loc00.dat,serrated,0,0,20,0,-1659.471358,1.6976331873,143.696903572,24.8090582246
170,-0.980544747082,4.33333333333,0.932903422854,1.67498371766,13.285421738,1.14506550238,Sr20R21_phi0_alpha0_U20_loc00.dat,serrated,0,0,20,0,-1687.01789883,1.72833346186,149.444779715,25.3489125611
171,-0.980544747082,4.5,0.916686449792,1.65356205484,13.573477315,1.19122466872,Sr20R21_phi0_alpha0_U20_loc00.dat,serrated,0,0,20,0,-1710.56111593,1.7524661254,155.192655857,25.8985297112
172,-0.980544747082,4.66666666667,0.895763080082,1.62795438461,13.8655550025,1.23658252362,Sr20R21_phi0_alpha0_U20_loc00.dat,serrated,0,0,20,0,-1721.33403911,1.75551962879,160.940532,26.4558211476
173,-0.980544747082,4.83333333333,0.873387539944,1.60170950787,14.1581416073,1.28157367931,Sr20R21_phi0_alpha0_U20_loc00.dat,serrated,0,0,20,0,-1716.78328149,1.74555931614,166.688408143,27.0140836106
174,-0.980544747082,5.0,0.854961556001,1.57188299518,14.44906816,1.324203375,Sr20R21_phi0_alpha0_U20_loc00.dat,serrated,0,0,20,0,-1710.16091936,1.74715382315,172.436284286,27.5691786532
175,-0.980544747082,5.16666666667,0.837229697991,1.53701618199,14.7402604639,1.3646230829,Sr20R21_phi0_alpha0_U20_loc00.dat,serrated,0,0,20,0,-1689.26272374,1.70226824644,178.184160429,28.1247807556
176,-0.980544747082,5.33333333333,0.821597301437,1.50909331529,15.0239718383,1.40294039346,Sr20R21_phi0_alpha0_U20_loc00.dat,serrated,0,0,20,0,-1649.70767642,1.68621747795,183.932036572,28.66610906
177,-0.980544747082,5.5,0.806792645978,1.48448323368,15.3050080846,1.44003298336,Sr20R21_phi0_alpha0_U20_loc00.dat,serrated,0,0,20,0,-1587.01163478,1.58786033733,189.679912715,29.2023331539
178,-0.980544747082,5.66666666667,0.789564998893,1.46220397508,15.5696514742,1.47666723607,Sr20R21_phi0_alpha0_U20_loc00.dat,serrated,0,0,20,0,-1515.47159928,1.54413300227,195.427788857,29.7072792726
179,-0.980544747082,5.83333333333,0.77262414206,1.44212884083,15.8270069745,1.51330110413,Sr20R21_phi0_alpha0_U20_loc00.dat,serrated,0,0,20,0,-1466.93284834,1.48920136361,201.175665,30.1983199189
180,-0.980544747082,6.0,0.748708665689,1.40364471393,16.0752072018,1.54780332536,Sr20R21_phi0_alpha0_U20_loc00.dat,serrated,0,0,20,0,-1425.49890634,1.46384670381,206.923541143,30.6718920781
181,-0.980544747082,6.16666666667,0.722199531009,1.36034192491,16.3191816524,1.58069030131,Sr20R21_phi0_alpha0_U20_loc00.dat,serrated,0,0,20,0,-1406.72222352,1.44204824612,212.671417286,31.1374013512
182,-0.980544747082,6.33333333333,0.698453767112,1.30415935467,16.5595230268,1.61488980148,Sr20R21_phi0_alpha0_U20_loc00.dat,serrated,0,0,20,0,-1415.47563852,1.4502406376,218.419293429,31.5959786251
183,-0.980544747082,6.5,0.673839726055,1.24109075769,16.8012297997,1.64668396681,Sr20R21_phi0_alpha0_U20_loc00.dat,serrated,0,0,20,0,-1377.0817227,1.36261616486,224.167169572,32.0571611132
184,-0.980544747082,6.66666666667,0.65514026519,1.19320394581,17.0283324939,1.68447117672,Sr20R21_phi0_alpha0_U20_loc00.dat,serrated,0,0,20,0,-1331.5132288,1.35533787055,229.915045715,32.4904786586
185,-0.980544747082,6.83333333333,0.636371388085,1.14485224552,17.254222139,1.72281947714,Sr20R21_phi0_alpha0_U20_loc00.dat,serrated,0,0,20,0,-1298.22953862,1.31225359209,235.662921858,32.9214816764
186,-0.980544747082,7.0,0.613679429444,1.08350787995,17.472931071,1.76143949349,Sr20R21_phi0_alpha0_U20_loc00.dat,serrated,0,0,20,0,-1269.09703083,1.29233253852,241.410798,33.3387837164
187,-0.980544747082,7.16666666667,0.589489318364,1.017191792,17.6883198274,1.79986438173,Sr20R21_phi0_alpha0_U20_loc00.dat,serrated,0,0,20,0,-1181.40080957,1.14206570351,247.158674143,33.7497507795
188,-0.980544747082,7.33333333333,0.56625738035,0.952632677807,17.8786641113,1.83616465098,Sr20R21_phi0_alpha0_U20_loc00.dat,serrated,0,0,20,0,-1075.46742335,1.08455639983,252.906550286,34.1129323709
189,-0.980544747082,7.5,0.545576390992,0.882121199602,18.0594235113,1.87074167624,Sr20R21_phi0_alpha0_U20_loc00.dat,serrated,0,0,20,0,-981.348626189,0.968480815324,258.654426429,34.4578257672
190,-0.980544747082,7.66666666667,0.523007713351,0.803283359353,18.2208369805,1.89868179538,Sr20R21_phi0_alpha0_U20_loc00.dat,serrated,0,0,20,0,-904.535938828,0.916622099119,264.402302572,34.7658066502
191,-0.980544747082,7.83333333333,0.499201887534,0.722020126199,18.3736073304,1.92621617073,Sr20R21_phi0_alpha0_U20_loc00.dat,serrated,0,0,20,0,-818.997234291,0.783697307363,270.150178715,35.0572962481
192,-0.980544747082,8.0,0.470082504476,0.643970573436,18.5042235483,1.94834418199,Sr20R21_phi0_alpha0_U20_loc00.dat,serrated,0,0,20,0,-726.574728707,0.740584812419,275.898054858,35.3065152154
193,-0.980544747082,8.16666666667,0.4409183527,0.563185308657,18.6276543503,1.97013611989,Sr20R21_phi0_alpha0_U20_loc00.dat,serrated,0,0,20,0,-626.204944438,0.593563410427,281.645931,35.5420242321
194,-0.980544747082,8.33333333333,0.416309633557,0.501215817481,18.7265815854,1.99120384056,Sr20R21_phi0_alpha0_U20_loc00.dat,serrated,0,0,20,0,-530.154005474,0.547256266861,287.393807143,35.7307798381
195,-0.980544747082,8.5,0.392543167399,0.439385294478,18.8177909632,2.01167234575,Sr20R21_phi0_alpha0_U20_loc00.dat,serrated,0,0,20,0,-430.030344441,0.394897156204,293.141683286,35.904809582
196,-0.980544747082,8.66666666667,0.375231290308,0.400606125175,18.8836071559,2.03066991779,Sr20R21_phi0_alpha0_U20_loc00.dat,serrated,0,0,20,0,-343.677529181,0.36087246122,298.889559429,36.030388502
197,-0.980544747082,8.83333333333,0.356168377998,0.36212144406,18.9437525661,2.04861862641,Sr20R21_phi0_alpha0_U20_loc00.dat,serrated,0,0,20,0,-263.732756967,0.246811804548,304.637435572,36.1451474291
198,-0.980544747082,9.0,0.335560549961,0.335650214006,18.9848878669,2.06403475884,Sr20R21_phi0_alpha0_U20_loc00.dat,serrated,0,0,20,0,-178.49353574,0.197026383363,310.385311715,36.2236345982
199,-0.980544747082,9.16666666667,0.314199389326,0.312479416266,19.0177255974,2.07885619227,Sr20R21_phi0_alpha0_U20_loc00.dat,serrated,0,0,20,0,-127.082671931,0.154744745528,316.133187858,36.2862897985
200,-0.980544747082,9.33333333333,0.29072229807,0.293740421081,19.0435163884,2.09192271407,Sr20R21_phi0_alpha0_U20_loc00.dat,serrated,0,0,20,0,-95.7147940875,0.130703798082,321.881064001,36.3354992641
201,-0.980544747082,9.5,0.270573001062,0.278865164159,19.0653003547,2.10388164543,Sr20R21_phi0_alpha0_U20_loc00.dat,serrated,0,0,20,0,-74.5856384116,0.108572565767,327.628940143,36.3770636095
202,-0.980544747082,9.66666666667,0.253849509569,0.26966243218,19.0833957823,2.11403448417,Sr20R21_phi0_alpha0_U20_loc00.dat,serrated,0,0,20,0,-54.3459138502,0.0874682761586,333.376816286,36.411590132
203,-0.980544747082,9.83333333333,0.238773866789,0.260817812088,19.0979738284,2.12395274751,Sr20R21_phi0_alpha0_U20_loc00.dat,serrated,0,0,20,0,-35.3176149388,0.0721065825305,339.124692429,36.4394054036
204,-0.980544747082,10.0,0.225024520061,0.252324914622,19.1099915921,2.13367775474,Sr20R21_phi0_alpha0_U20_loc00.dat,serrated,0,0,20,0,-23.0604050589,0.0625395706875,344.872568572,36.4623355935
205,-0.980544747082,10.1666666667,0.211005047171,0.24448190059,19.1204148539,2.14295075171,Sr20R21_phi0_alpha0_U20_loc00.dat,serrated,0,0,20,0,-13.8047645517,0.0541264677446,350.620444715,36.4822234342
206,-0.980544747082,10.3333333333,0.195737681373,0.237113708661,19.1294359318,2.1517381383,Sr20R21_phi0_alpha0_U20_loc00.dat,serrated,0,0,20,0,-8.73943067745,0.0484311138583,356.368320858,36.4994358736
207,-0.980544747082,10.5,0.183289078981,0.231480712433,19.1375077842,2.1609495115,Sr20R21_phi0_alpha0_U20_loc00.dat,serrated,0,0,20,0,-6.33251440111,0.047014472975,362.116197001,36.514837167
208,-0.980544747082,10.6666666667,0.171250881425,0.22641313138,19.1453435297,2.17047800675,Sr20R21_phi0_alpha0_U20_loc00.dat,serrated,0,0,20,0,-5.01785285774,0.0479507323865,367.864073143,36.5297879628
209,-0.980544747082,10.8333333333,0.16200167715,0.222219687678,19.1533353184,2.17928660786,Sr20R21_phi0_alpha0_U20_loc00.dat,serrated,0,0,20,0,-7.15309403685,0.0497402567221,373.611949286,36.5450364929
210,-0.980544747082,11.0,0.153807685955,0.218707619702,19.1616253612,2.18771628975,Sr20R21_phi0_alpha0_U20_loc00.dat,serrated,0,0,20,0,-6.29773300701,0.0461433611281,379.359825429,36.5608540992
211,-0.980544747082,11.1666666667,0.145927086451,0.214941510973,19.1693159214,2.19469488294,Sr20R21_phi0_alpha0_U20_loc00.dat,serrated,0,0,20,0,-3.26467087461,0.0476720272833,385.107701572,36.5755278778
212,-0.980544747082,11.3333333333,0.13754728527,0.211150024206,19.1772612592,2.20160052135,Sr20R21_phi0_alpha0_U20_loc00.dat,serrated,0,0,20,0,-2.45361948226,0.0465593036629,390.855577715,36.5906877786
213,-0.980544747082,11.5,0.130250134154,0.208617279694,19.1850211432,2.20870705893,Sr20R21_phi0_alpha0_U20_loc00.dat,serrated,0,0,20,0,-1.24504636494,0.0464893616589,396.603453858,36.6054938287
214,-0.980544747082,11.6666666667,0.123367969597,0.206222462077,19.1927693701,2.21624154089,Sr20R21_phi0_alpha0_U20_loc00.dat,serrated,0,0,20,0,5.13291735194,0.0401569636511,402.351330001,36.6202776369
215,-0.980544747082,11.8333333333,0.118287640039,0.204401565151,19.1994621974,2.22419658468,Sr20R21_phi0_alpha0_U20_loc00.dat,serrated,0,0,20,0,8.83704626232,0.0381821378886,408.099206144,36.6330477165
216,-0.980544747082,12.0,0.113636241991,0.202892938259,19.205825887,2.23150008099,Sr20R21_phi0_alpha0_U20_loc00.dat,serrated,0,0,20,0,9.02051698387,0.0397638633252,413.847082286,36.6451897934
217,-0.980544747082,12.1666666667,0.109908075334,0.201457754706,19.2124531976,2.23783697149,Sr20R21_phi0_alpha0_U20_loc00.dat,serrated,0,0,20,0,6.13242711909,0.0417430852527,419.594958429,36.6578348655
218,-0.980544747082,12.3333333333,0.106282043768,0.200072033027,19.2194103785,2.24425126825,Sr20R21_phi0_alpha0_U20_loc00.dat,serrated,0,0,20,0,0.0421775886471,0.0465799141304,425.342834572,36.6711093383
219,-0.980544747082,12.5,0.102982988669,0.198535204919,19.2271736975,2.25014364122,Sr20R21_phi0_alpha0_U20_loc00.dat,serrated,0,0,20,0,-3.0063529301,0.0461238930224,431.090710715,36.6859219426
220,-0.980544747082,12.6666666667,0.0997163758129,0.196994721136,19.234861013,2.25616876366,Sr20R21_phi0_alpha0_U20_loc00.dat,serrated,0,0,20,0,-2.54768143439,0.0437935956722,436.838586858,36.7005895303
221,-0.980544747082,12.8333333333,0.096955638568,0.195340699833,19.2421599456,2.263301333,Sr20R21_phi0_alpha0_U20_loc00.dat,serrated,0,0,20,0,1.21732058478,0.0421855670791,442.586463001,36.7145160739
222,-0.980544747082,13.0,0.0942058525333,0.193770248446,19.2491908735,2.27035123768,Sr20R21_phi0_alpha0_U20_loc00.dat,serrated,0,0,20,0,7.07738668154,0.0355017435599,448.334339144,36.7279312578
223,-0.980544747082,13.1666666667,0.0919503407826,0.192676783196,19.2551078307,2.27703255615,Sr20R21_phi0_alpha0_U20_loc00.dat,serrated,0,0,20,0,6.16323754991,0.041189817115,454.082215286,36.7392209582
224,-0.980544747082,13.3333333333,0.0894392003776,0.191658434866,19.2619728002,2.28291060512,Sr20R21_phi0_alpha0_U20_loc00.dat,serrated,0,0,20,0,6.19183913151,0.0363724226345,459.830091429,36.7523194895
225,-0.980544747082,13.5,0.0873344958657,0.190704630986,19.2680348707,2.28790960062,Sr20R21_phi0_alpha0_U20_loc00.dat,serrated,0,0,20,0,9.1467548065,0.0365278190963,465.577967572,36.7638860695
226,-0.980544747082,13.6666666667,0.0853138325822,0.189723796162,19.2741228405,2.2935189631,Sr20R21_phi0_alpha0_U20_loc00.dat,serrated,0,0,20,0,7.1351267191,0.0368529718166,471.325843715,36.7755020662
227,-0.980544747082,13.8333333333,0.0840887661955,0.188813438716,19.2802650025,2.30044356589,Sr20R21_phi0_alpha0_U20_loc00.dat,serrated,0,0,20,0,7.8036264254,0.0371036361633,477.073719858,36.7872214629
228,-0.980544747082,14.0,0.0831959777497,0.188408330706,19.2864489419,2.30785057841,Sr20R21_phi0_alpha0_U20_loc00.dat,serrated,0,0,20,0,6.85478474711,0.0375373543896,482.821596001,36.7990205718
229,-0.980544747082,14.1666666667,0.0826660440321,0.188629208289,19.2927051676,2.31587396547,Sr20R21_phi0_alpha0_U20_loc00.dat,serrated,0,0,20,0,3.13718554241,0.0425353108631,488.569472144,36.8109576049
230,-0.980544747082,14.3333333333,0.0814489633559,0.188715615925,19.2997943861,2.32213668151,Sr20R21_phi0_alpha0_U20_loc00.dat,serrated,0,0,20,0,-5.36466493908,0.0461694210495,494.317348287,36.8244840087
231,-0.980544747082,14.5,0.0796981044031,0.188818867415,19.3074892896,2.32725289435,Sr20R21_phi0_alpha0_U20_loc00.dat,serrated,0,0,20,0,-6.56762050638,0.0426996365458,500.065224429,36.8391660745
232,-0.980544747082,14.6666666667,0.0780114061928,0.188585850724,19.3146058957,2.33202238841,Sr20R21_phi0_alpha0_U20_loc00.dat,serrated,0,0,20,0,-2.49650086053,0.0401847265709,505.813100572,36.8527447346
233,-0.980544747082,14.8333333333,0.0765191180828,0.18823129205,19.3213033501,2.33708115365,Sr20R21_phi0_alpha0_U20_loc00.dat,serrated,0,0,20,0,4.63804530019,0.0375366706025,511.560976715,36.8655236429
234,-0.980544747082,15.0,0.0755879974014,0.187950328122,19.3275594619,2.34339195733,Sr20R21_phi0_alpha0_U20_loc00.dat,serrated,0,0,20,0,6.87257919727,0.0331739016922,517.308852858,36.8774604586
235,-0.980544747082,15.1666666667,0.0751241080204,0.187349666915,19.3330884455,2.3496589329,Sr20R21_phi0_alpha0_U20_loc00.dat,serrated,0,0,20,0,8.00256291703,0.0336791240495,523.056729001,36.8880098958
236,-0.980544747082,15.3333333333,0.0740364360166,0.186864270793,19.3387016328,2.35503775235,Sr20R21_phi0_alpha0_U20_loc00.dat,serrated,0,0,20,0,2.9625717065,0.0344764988907,528.804605144,36.8987199957
237,-0.980544747082,15.5,0.0728660197165,0.186325496398,19.344447716,2.35894753166,Sr20R21_phi0_alpha0_U20_loc00.dat,serrated,0,0,20,0,0.123567739904,0.0381802215268,534.552481287,36.9096836642
238,-0.980544747082,15.6666666667,0.0722664712691,0.18647970089,19.3508110862,2.36258226901,Sr20R21_phi0_alpha0_U20_loc00.dat,serrated,0,0,20,0,-1.50104465144,0.038810573373,540.300357429,36.9218251317
239,-0.980544747082,15.8333333333,0.0718843192798,0.186822282136,19.3572795151,2.36623866413,Sr20R21_phi0_alpha0_U20_loc00.dat,serrated,0,0,20,0,1.61391154184,0.0346608765449,546.048233572,36.9341670537
240,-0.980544747082,16.0,0.0717423658273,0.187014066042,19.3630563279,2.37188993401,Sr20R21_phi0_alpha0_U20_loc00.dat,serrated,0,0,20,0,3.14069441318,0.0347484347946,551.796109715,36.945189355
241,-0.980544747082,16.1666666667,0.0713995763637,0.187054937983,19.3688477337,2.37791364206,Sr20R21_phi0_alpha0_U20_loc00.dat,serrated,0,0,20,0,3.04138164452,0.0343756214798,557.543985858,36.9562395002
242,-0.980544747082,16.3333333333,0.0708396553047,0.186908729409,19.3745770039,2.38415721526,Sr20R21_phi0_alpha0_U20_loc00.dat,serrated,0,0,20,0,1.47439410226,0.0329746151696,563.291862001,36.9671710892
243,-0.980544747082,16.5,0.0702555833607,0.186866590037,19.3800727731,2.39080496839,Sr20R21_phi0_alpha0_U20_loc00.dat,serrated,0,0,20,0,-1.78379718191,0.0365923726483,569.039738144,36.9776571525
244,-0.980544747082,16.6666666667,0.0699243005195,0.187053664011,19.3861715019,2.39635919291,Sr20R21_phi0_alpha0_U20_loc00.dat,serrated,0,0,20,0,-0.89775398753,0.0349356981483,574.787614287,36.9892936775
245,-0.980544747082,16.8333333333,0.0696711619184,0.187096967464,19.3919941183,2.40181487698,Sr20R21_phi0_alpha0_U20_loc00.dat,serrated,0,0,20,0,0.0382325162839,0.0369908287882,580.53549043,37.0004033732
246,-0.980544747082,17.0,0.0692263044425,0.187549344056,19.3981592564,2.40759727538,Sr20R21_phi0_alpha0_U20_loc00.dat,serrated,0,0,20,0,3.23189339021,0.0369212544706,586.283366572,37.0121666089
247,-0.980544747082,17.1666666667,0.0688780228773,0.188015865684,19.4043127988,2.413504137,Sr20R21_phi0_alpha0_U20_loc00.dat,serrated,0,0,20,0,4.34545374963,0.0355986253099,592.031242715,37.0239077197
248,-0.980544747082,17.3333333333,0.0696335022568,0.188158057216,19.410245903,2.41847313399,Sr20R21_phi0_alpha0_U20_loc00.dat,serrated,0,0,20,0,5.00087803601,0.035883879669,597.779118858,37.035228229
249,-0.980544747082,17.5,0.0698549175724,0.188519672309,19.4162265496,2.42272701593,Sr20R21_phi0_alpha0_U20_loc00.dat,serrated,0,0,20,0,0.862954379381,0.0366957543337,603.526995001,37.0466394503
250,-0.980544747082,17.6666666667,0.0691108495383,0.18829093132,19.4223425087,2.42592089734,Sr20R21_phi0_alpha0_U20_loc00.dat,serrated,0,0,20,0,0.0848333150918,0.035262065178,609.274871144,37.0583088511
251,-0.980544747082,17.8333333333,0.0685081302741,0.187973150463,19.4282195195,2.42968513669,Sr20R21_phi0_alpha0_U20_loc00.dat,serrated,0,0,20,0,-0.613089927456,0.0321338726626,615.022747287,37.0695223329
252,-0.980544747082,18.0,0.0682164635453,0.188107572109,19.433575165,2.43494148777,Sr20R21_phi0_alpha0_U20_loc00.dat,serrated,0,0,20,0,4.48874760052,0.0310540957641,620.77062343,37.0797410366
253,-0.980544747082,18.1666666667,0.0676058163603,0.188263899031,19.4387508476,2.44043208466,Sr20R21_phi0_alpha0_U20_loc00.dat,serrated,0,0,20,0,3.17371485982,0.0335857547197,626.518499572,37.0896163668
254,-0.980544747082,18.3333333333,0.0674986032549,0.188460060059,19.4443484734,2.44737744225,Sr20R21_phi0_alpha0_U20_loc00.dat,serrated,0,0,20,0,-0.806657495166,0.0360620620607,632.266375715,37.1002967749
255,-0.980544747082,18.5,0.0676265551055,0.18850259954,19.4503588171,2.45404858839,Sr20R21_phi0_alpha0_U20_loc00.dat,serrated,0,0,20,0,-8.38670379222,0.0399615497923,638.014251858,37.111764659
256,-0.980544747082,18.6666666667,0.0678182231486,0.188287932728,19.4570190754,2.45984637771,Sr20R21_phi0_alpha0_U20_loc00.dat,serrated,0,0,20,0,-12.0465040636,0.0375505514672,643.762128001,37.1244725962
257,-0.980544747082,18.8333333333,0.0680374854126,0.187850187519,19.4632775006,2.46551281702,Sr20R21_phi0_alpha0_U20_loc00.dat,serrated,0,0,20,0,-7.36060356792,0.0349117868157,649.510004144,37.136413826
258,-0.980544747082,19.0,0.0684855310074,0.187086130919,19.4690961318,2.4705660005,Sr20R21_phi0_alpha0_U20_loc00.dat,serrated,0,0,20,0,-2.61669687342,0.0318324015608,655.257880287,37.1475159179
259,-0.980544747082,19.1666666667,0.0690041253087,0.186506570361,19.474401532,2.47568066473,Sr20R21_phi0_alpha0_U20_loc00.dat,serrated,0,0,20,0,2.022904922,0.0262510133239,661.00575643,37.1576387525
260,-0.980544747082,19.3333333333,0.0694516900297,0.186189123445,19.4787767009,2.48095073613,Sr20R21_phi0_alpha0_U20_loc00.dat,serrated,0,0,20,0,4.45262062516,0.0278904194145,666.753632573,37.1659866827
261,-0.980544747082,19.5,0.0700023087801,0.18619447834,19.4834251041,2.48588943795,Sr20R21_phi0_alpha0_U20_loc00.dat,serrated,0,0,20,0,3.0380135614,0.0281354695114,672.501508715,37.1748559508
262,-0.980544747082,19.6666666667,0.070559049532,0.186447491155,19.4881143491,2.48979962143,Sr20R21_phi0_alpha0_U20_loc00.dat,serrated,0,0,20,0,0.338879725625,0.0280854878913,678.249384858,37.1838031458
263,-0.980544747082,19.8333333333,0.0708080807332,0.186680901464,19.4927952637,2.49354612143,Sr20R21_phi0_alpha0_U20_loc00.dat,serrated,0,0,20,0,3.26032494509,0.0266719291583,683.997261001,37.1927344465
264,-0.980544747082,20.0,0.0708168128015,0.186949463731,19.4972405852,2.49752076078,Sr20R21_phi0_alpha0_U20_loc00.dat,serrated,0,0,20,0,5.83525563866,0.0258642309159,689.745137144,37.2012162297
265,-0.980544747082,20.1666666667,0.0707962150896,0.187514927217,19.5015512904,2.50251379262,Sr20R21_phi0_alpha0_U20_loc00.dat,serrated,0,0,20,0,4.97841244478,0.0256344678718,695.493013287,37.2094411615
266,-0.980544747082,20.3333333333,0.070599636056,0.188202437281,19.5058237017,2.50806512011,Sr20R21_phi0_alpha0_U20_loc00.dat,serrated,0,0,20,0,4.4826381404,0.0287511522868,701.24088943,37.2175930277
267,-0.980544747082,20.5,0.0698912332464,0.188926778625,19.5106155604,2.51283308511,Sr20R21_phi0_alpha0_U20_loc00.dat,serrated,0,0,20,0,1.86577929343,0.0293935688393,706.988765573,37.2267360124
268,-0.980544747082,20.6666666667,0.0688815752046,0.189510902513,19.5155144886,2.51766972996,Sr20R21_phi0_alpha0_U20_loc00.dat,serrated,0,0,20,0,-1.45853919692,0.0308798226484,712.736641715,37.2360832882
269,-0.980544747082,20.8333333333,0.0685822215889,0.189785520363,19.5206611257,2.52176139171,Sr20R21_phi0_alpha0_U20_loc00.dat,serrated,0,0,20,0,-1.01475959315,0.0314379306786,718.484517858,37.2459031988
270,-0.980544747082,21.0,0.0689242599069,0.190077645361,19.5259007808,2.52580319481,Sr20R21_phi0_alpha0_U20_loc00.dat,serrated,0,0,20,0,-1.24307697811,0.0317041220061,724.232394001,37.2559005901
271,-0.980544747082,21.1666666667,0.0699413707125,0.189757850156,19.5311848011,2.53056939066,Sr20R21_phi0_alpha0_U20_loc00.dat,serrated,0,0,20,0,-1.59795289358,0.0317280033001,729.980270144,37.2659826313
272,-0.980544747082,21.3333333333,0.0711054238636,0.189306527918,19.5364728017,2.53538700011,Sr20R21_phi0_alpha0_U20_loc00.dat,serrated,0,0,20,0,0.67011855999,0.0327741012587,735.728146287,37.2760722669
273,-0.980544747082,21.5,0.0716788935035,0.188783846246,19.5419351519,2.53974395366,Sr20R21_phi0_alpha0_U20_loc00.dat,serrated,0,0,20,0,-0.874912294945,0.0331888805466,741.47602243,37.2864945659
274,-0.980544747082,21.6666666667,0.0720285157343,0.188088409307,19.547466632,2.54388077958,Sr20R21_phi0_alpha0_U20_loc00.dat,serrated,0,0,20,0,-1.27415114995,0.0305165969561,747.223898573,37.2970487664
275,-0.980544747082,21.8333333333,0.0724010095794,0.187992746474,19.5525527315,2.54756695497,Sr20R21_phi0_alpha0_U20_loc00.dat,serrated,0,0,20,0,-0.718842933058,0.0303709365635,752.971774716,37.3067531698
276,-0.980544747082,22.0,0.0727676284976,0.187855486491,19.5576145542,2.55131461588,Sr20R21_phi0_alpha0_U20_loc00.dat,serrated,0,0,20,0,0.35012802326,0.0248155147066,758.719650858,37.3164112525
277,-0.980544747082,22.1666666667,0.0730745758392,0.187747110189,19.5617504733,2.55595104494,Sr20R21_phi0_alpha0_U20_loc00.dat,serrated,0,0,20,0,5.04447747242,0.0213045127369,764.467527001,37.3243026883
278,-0.980544747082,22.3333333333,0.0730089767774,0.187744446035,19.5653012255,2.56097248797,Sr20R21_phi0_alpha0_U20_loc00.dat,serrated,0,0,20,0,5.70997602525,0.0228167282757,770.215403144,37.331077611
279,-0.980544747082,22.5,0.0733912121725,0.187668772827,19.5691040135,2.56668747702,Sr20R21_phi0_alpha0_U20_loc00.dat,serrated,0,0,20,0,2.18755671472,0.0261626501973,775.963279287,37.3383334244
280,-0.980544747082,22.6666666667,0.0740170417548,0.187655128357,19.5734644552,2.57254551947,Sr20R21_phi0_alpha0_U20_loc00.dat,serrated,0,0,20,0,-4.00228685442,0.0321738842649,781.71115543,37.3466532548
281,-0.980544747082,22.8333333333,0.0752002802623,0.188294615573,19.5788267692,2.57805007085,Sr20R21_phi0_alpha0_U20_loc00.dat,serrated,0,0,20,0,-7.35736096026,0.0291252244038,787.459031573,37.3568846823
282,-0.980544747082,23.0,0.0775403690625,0.189497445079,19.5836809733,2.58296165407,Sr20R21_phi0_alpha0_U20_loc00.dat,serrated,0,0,20,0,0.877308831895,0.0195813592689,793.206907716,37.3661466235
283,-1.01162790698,0.340425531915,0.385589100368,1.37459300042,3.87185278453,-0.0884540470112,Sr20R21_phi0_alpha0_U20_loc05.dat,serrated,0,0,20,0.25,-6513.96423996,6.26670172804,11.8688413583,7.30760855442
284,-1.01162790698,0.510638297872,0.526597776185,1.54415562708,4.93852541909,0.0551961288189,Sr20R21_phi0_alpha0_U20_loc05.dat,serrated,0,0,20,0.25,-6054.75162419,5.88141311529,17.8032620374,9.32081166488
285,-1.01162790698,0.68085106383,0.692752048623,1.7004020606,5.93961701319,0.188519660433,Sr20R21_phi0_alpha0_U20_loc05.dat,serrated,0,0,20,0.25,-4881.13356508,3.85673323325,23.7376827166,11.2102392604
286,-1.01162790698,0.851063829787,0.807925856471,1.75566166418,6.59608224438,0.27861393532,Sr20R21_phi0_alpha0_U20_loc05.dat,serrated,0,0,20,0.25,-3354.74101497,2.9105317301,29.6721033957,12.4492303083
287,-1.01162790698,1.02127659574,0.893598897615,1.7732343986,7.09149190056,0.349893812085,Sr20R21_phi0_alpha0_U20_loc05.dat,serrated,0,0,20,0.25,-2508.57219038,2.17794242253,35.6065240749,13.3842503215
288,-1.01162790698,1.1914893617,0.932732867913,1.76818378341,7.4622055044,0.402583283343,Sr20R21_phi0_alpha0_U20_loc05.dat,serrated,0,0,20,0.25,-1996.3770846,1.93886338042,41.540944754,14.083923076
289,-1.01162790698,1.36170212766,0.954892992019,1.75593540324,7.79222480319,0.449524743839,Sr20R21_phi0_alpha0_U20_loc05.dat,serrated,0,0,20,0.25,-1859.27135737,1.90683018092,47.4753654332,14.7067907275
290,-1.01162790698,1.53191489362,0.968864674468,1.7416144269,8.1167916425,0.49486622796,Sr20R21_phi0_alpha0_U20_loc05.dat,serrated,0,0,20,0.25,-1834.96556929,1.89177649242,53.4097861123,15.319367585
291,-1.01162790698,1.70212765957,0.981446092092,1.72809887334,8.43879615185,0.539043768347,Sr20R21_phi0_alpha0_U20_loc05.dat,serrated,0,0,20,0.25,-1838.39438798,1.89897914367,59.3442067914,15.9271083845
292,-1.01162790698,1.87234042553,0.992238017821,1.7163602183,8.76202664439,0.584932349874,Sr20R21_phi0_alpha0_U20_loc05.dat,serrated,0,0,20,0.25,-1854.82290854,1.89955183477,65.2786274706,16.5371630648
293,-1.01162790698,2.04255319149,1.00774958388,1.7064592497,9.08535461626,0.631927074653,Sr20R21_phi0_alpha0_U20_loc05.dat,serrated,0,0,20,0.25,-1831.55566929,1.84320691804,71.2130481497,17.1474017243
294,-1.01162790698,2.21276595745,1.02668904991,1.71546452831,9.39909196401,0.674591924935,Sr20R21_phi0_alpha0_U20_loc05.dat,serrated,0,0,20,0.25,-1797.73779648,1.82707034626,77.1474688289,17.7395393529
295,-1.01162790698,2.3829787234,1.04451780995,1.72573372962,9.71008266125,0.717875329714,Sr20R21_phi0_alpha0_U20_loc05.dat,serrated,0,0,20,0.25,-1775.55374621,1.79082557341,83.081889508,18.3264930431
296,-1.01162790698,2.55319148936,1.06150269604,1.74507166692,10.0149040354,0.757586118521,Sr20R21_phi0_alpha0_U20_loc05.dat,serrated,0,0,20,0.25,-1745.29587519,1.76751651468,89.0163101872,18.9018029543
297,-1.01162790698,2.72340425532,1.0744562736,1.76133817072,10.3157579103,0.797678551288,Sr20R21_phi0_alpha0_U20_loc05.dat,serrated,0,0,20,0.25,-1706.91213692,1.71613091861,94.9507308663,19.4696247367
298,-1.01162790698,2.89361702128,1.07478120595,1.77233172516,10.6078653007,0.838328568532,Sr20R21_phi0_alpha0_U20_loc05.dat,serrated,0,0,20,0.25,-1668.11058747,1.69481984335,100.885151545,20.0209386899
299,-1.01162790698,3.06382978723,1.07281695525,1.77481719081,10.896345274,0.880190620003,Sr20R21_phi0_alpha0_U20_loc05.dat,serrated,0,0,20,0.25,-1649.78606302,1.67899241563,106.819572225,20.5654063746
300,-1.01162790698,3.23404255319,1.06887095421,1.7690830911,11.1821312171,0.923720220646,Sr20R21_phi0_alpha0_U20_loc05.dat,serrated,0,0,20,0.25,-1661.19830306,1.71067854474,112.753992904,21.1047894345
301,-1.01162790698,3.40425531915,1.06218623765,1.7579668793,11.4733105439,0.964048350697,Sr20R21_phi0_alpha0_U20_loc05.dat,serrated,0,0,20,0.25,-1679.08390762,1.72604844026,118.688413583,21.6543517907
302,-1.01162790698,3.57446808511,1.05678269106,1.74575185048,11.7671060231,1.00172561741,Sr20R21_phi0_alpha0_U20_loc05.dat,serrated,0,0,20,0.25,-1692.33948832,1.73586866504,124.622834262,22.2088517876
303,-1.01162790698,3.74468085106,1.04984332053,1.73467568981,12.0625730299,1.0428015863,Sr20R21_phi0_alpha0_U20_loc05.dat,serrated,0,0,20,0.25,-1705.84441081,1.74553378097,130.557254941,22.7665065711
304,-1.01162790698,3.91489361702,1.04040095206,1.72234952157,12.3596851628,1.08549071421,Sr20R21_phi0_alpha0_U20_loc05.dat,serrated,0,0,20,0.25,-1694.08226585,1.72760984229,136.49167562,23.327266312
305,-1.01162790698,4.08510638298,1.02921869891,1.70799584624,12.6537464126,1.13139177843,Sr20R21_phi0_alpha0_U20_loc05.dat,serrated,0,0,20,0.25,-1693.50629183,1.72001324343,142.426096299,23.8822679156
306,-1.01162790698,4.25531914894,1.01937020133,1.6941992757,12.9465146242,1.17800923544,Sr20R21_phi0_alpha0_U20_loc05.dat,serrated,0,0,20,0.25,-1672.1389002,1.69127921175,148.360516979,24.4348290812
307,-1.01162790698,4.42553191489,1.01284307149,1.67993286678,13.2343919368,1.22801449784,Sr20R21_phi0_alpha0_U20_loc05.dat,serrated,0,0,20,0.25,-1653.70899515,1.69676012009,154.294937658,24.9781593238
308,-1.01162790698,4.59574468085,1.00478758135,1.66481259969,13.5232021701,1.27719221601,Sr20R21_phi0_alpha0_U20_loc05.dat,serrated,0,0,20,0.25,-1653.32625264,1.66780112272,160.229358337,25.5232503301
309,-1.01162790698,4.76595744681,0.994374432752,1.65272225399,13.8070832122,1.32023253249,Sr20R21_phi0_alpha0_U20_loc05.dat,serrated,0,0,20,0.25,-1629.21133068,1.66955214028,166.163779016,26.0590381422
310,-1.01162790698,4.93617021277,0.980972282607,1.64036484057,14.0912622999,1.36196124662,Sr20R21_phi0_alpha0_U20_loc05.dat,serrated,0,0,20,0.25,-1596.7424693,1.62641437269,172.098199695,26.5953884757
311,-1.01162790698,5.10638297872,0.96412118256,1.6240623446,14.3680987889,1.39757518476,Sr20R21_phi0_alpha0_U20_loc05.dat,serrated,0,0,20,0.25,-1569.34597075,1.62600640135,178.032620374,27.1178806281
312,-1.01162790698,5.27659574468,0.946105084177,1.6062399058,14.6448658359,1.43154112437,Sr20R21_phi0_alpha0_U20_loc05.dat,serrated,0,0,20,0.25,-1530.79210433,1.56790417007,183.967041053,27.640241718
313,-1.01162790698,5.44680851064,0.92459237616,1.58185357794,14.9117431415,1.46299523928,Sr20R21_phi0_alpha0_U20_loc05.dat,serrated,0,0,20,0.25,-1490.34697574,1.55181451442,189.901461733,28.1439372327
314,-1.01162790698,5.6170212766,0.902597295686,1.55707069702,15.1758817822,1.49610301679,Sr20R21_phi0_alpha0_U20_loc05.dat,serrated,0,0,20,0.25,-1473.92893213,1.52667834992,195.835882412,28.6424638808
315,-1.01162790698,5.78723404255,0.881613885926,1.53465039865,15.4357419269,1.53271015003,Sr20R21_phi0_alpha0_U20_loc05.dat,serrated,0,0,20,0.25,-1456.9614575,1.52073138542,201.770303091,29.1329154351
316,-1.01162790698,5.95744680851,0.857585979328,1.50874994171,15.6945898223,1.56884057734,Sr20R21_phi0_alpha0_U20_loc05.dat,serrated,0,0,20,0.25,-1450.0076583,1.51513805768,207.70472377,29.6214565031
317,-1.01162790698,6.12765957447,0.833738640919,1.48020887849,15.9524856619,1.60445302984,Sr20R21_phi0_alpha0_U20_loc05.dat,serrated,0,0,20,0.25,-1424.35098311,1.47804923568,213.639144449,30.1082006921
318,-1.01162790698,6.29787234043,0.812085411452,1.45219957562,16.2040685105,1.64369256569,Sr20R21_phi0_alpha0_U20_loc05.dat,serrated,0,0,20,0.25,-1401.17518745,1.45224209986,219.573565128,30.5830299481
319,-1.01162790698,6.46808510638,0.787901682793,1.42010937683,16.4512586552,1.68393387488,Sr20R21_phi0_alpha0_U20_loc05.dat,serrated,0,0,20,0.25,-1393.21954057,1.42473735015,225.507985807,31.0495685579
320,-1.01162790698,6.63829787234,0.760644464215,1.37733448449,16.6937671403,1.72187472472,Sr20R21_phi0_alpha0_U20_loc05.dat,serrated,0,0,20,0.25,-1377.05468351,1.40056507242,231.442406487,31.5072711564
321,-1.01162790698,6.8085106383,0.736128513555,1.32866027349,16.9321611952,1.75843365908,Sr20R21_phi0_alpha0_U20_loc05.dat,serrated,0,0,20,0.25,-1352.39354339,1.36470029957,237.376827166,31.9572083136
322,-1.01162790698,6.97872340426,0.709267926343,1.27100403307,17.1644506079,1.79319837604,Sr20R21_phi0_alpha0_U20_loc05.dat,serrated,0,0,20,0.25,-1329.37771702,1.3557102843,243.311247845,32.3956237683
323,-1.01162790698,7.14893617021,0.681315220507,1.2083022128,17.3952098052,1.82735161571,Sr20R21_phi0_alpha0_U20_loc05.dat,serrated,0,0,20,0.25,-1294.19699882,1.29262695107,249.245668524,32.8311511446
324,-1.01162790698,7.31914893617,0.653938862801,1.13613488045,17.6152314139,1.86255667164,Sr20R21_phi0_alpha0_U20_loc05.dat,serrated,0,0,20,0.25,-1257.31673071,1.28613397301,255.180089203,33.2464127465
325,-1.01162790698,7.48936170213,0.626055789597,1.05785734764,17.8341478348,1.897882502,Sr20R21_phi0_alpha0_U20_loc05.dat,serrated,0,0,20,0.25,-1181.46617336,1.14957069277,261.114509882,33.6595884532
326,-1.01162790698,7.65957446809,0.597120896585,0.985429263262,18.0298194421,1.93167682236,Sr20R21_phi0_alpha0_U20_loc05.dat,serrated,0,0,20,0.25,-1091.76422259,1.10718728645,267.048930562,34.0288926573
327,-1.01162790698,7.82978723404,0.568744740293,0.911474473811,18.2182768526,1.96476574518,Sr20R21_phi0_alpha0_U20_loc05.dat,serrated,0,0,20,0.25,-997.016842452,0.967457011074,272.983351241,34.3845810219
328,-1.01162790698,8.0,0.542077994618,0.832086784418,18.3829503864,1.99332604471,Sr20R21_phi0_alpha0_U20_loc05.dat,serrated,0,0,20,0.25,-910.159605915,0.935189081246,278.91777192,34.6953804741
329,-1.01162790698,8.17021276596,0.513406486674,0.747271413615,18.5421315066,2.02042322438,Sr20R21_phi0_alpha0_U20_loc05.dat,serrated,0,0,20,0.25,-821.121654445,0.798881262181,284.852192599,34.9958137241
330,-1.01162790698,8.34042553191,0.486528704895,0.66392030943,18.6781112959,2.04234146154,Sr20R21_phi0_alpha0_U20_loc05.dat,serrated,0,0,20,0.25,-733.111423967,0.76250448469,290.786613278,35.2524575396
331,-1.01162790698,8.51063829787,0.457618666125,0.577083024038,18.8078992933,2.06341779996,Sr20R21_phi0_alpha0_U20_loc05.dat,serrated,0,0,20,0.25,-648.617645255,0.633210427207,296.721033957,35.4974151691
332,-1.01162790698,8.68085106383,0.426779422871,0.507088738474,18.9156797915,2.08264104918,Sr20R21_phi0_alpha0_U20_loc05.dat,serrated,0,0,20,0.25,-543.188916737,0.55755661534,302.655454636,35.7008365632
333,-1.01162790698,8.85106382979,0.396861704662,0.440613414569,19.0105830452,2.10131747929,Sr20R21_phi0_alpha0_U20_loc05.dat,serrated,0,0,20,0.25,-424.474200513,0.414084058045,308.589875316,35.8799538662
334,-1.01162790698,9.02127659574,0.369963080337,0.395071365949,19.0810654381,2.11832151255,Sr20R21_phi0_alpha0_U20_loc05.dat,serrated,0,0,20,0.25,-317.047641507,0.346296634851,314.524295995,36.0129800337
335,-1.01162790698,9.1914893617,0.345535483944,0.355763982474,19.1400095461,2.13354839138,Sr20R21_phi0_alpha0_U20_loc05.dat,serrated,0,0,20,0.25,-230.978599926,0.245685226606,320.458716674,36.1242292191
336,-1.01162790698,9.36170212766,0.325521016043,0.331493002289,19.1818283081,2.14684486088,Sr20R21_phi0_alpha0_U20_loc05.dat,serrated,0,0,20,0.25,-161.333429509,0.196353869863,326.393137353,36.2031565853
337,-1.01162790698,9.53191489362,0.307027374836,0.311316667782,19.2152502434,2.1600360142,Sr20R21_phi0_alpha0_U20_loc05.dat,serrated,0,0,20,0.25,-118.109950059,0.156831293485,332.327558032,36.266236055
338,-1.01162790698,9.70212765957,0.286357922604,0.295433700181,19.2419449317,2.17097440807,Sr20R21_phi0_alpha0_U20_loc05.dat,serrated,0,0,20,0.25,-91.4708962289,0.127096167161,338.261978711,36.3166187382
339,-1.01162790698,9.87234042553,0.265548883191,0.283340744228,19.2635783218,2.18032062637,Sr20R21_phi0_alpha0_U20_loc05.dat,serrated,0,0,20,0.25,-70.9665267435,0.119730209883,344.19639939,36.3574488926
340,-1.01162790698,10.0425531915,0.243482537179,0.272135411088,19.283957932,2.18940818795,Sr20R21_phi0_alpha0_U20_loc05.dat,serrated,0,0,20,0.25,-55.2003341262,0.0955413356558,350.13082007,36.3959127036
341,-1.01162790698,10.2127659574,0.228022434232,0.262897374011,19.300220287,2.19851827011,Sr20R21_phi0_alpha0_U20_loc05.dat,serrated,0,0,20,0.25,-36.4471902589,0.0877892901526,356.065240749,36.4266057416
342,-1.01162790698,10.3829787234,0.214127113533,0.253869519203,19.3151631449,2.20772500124,Sr20R21_phi0_alpha0_U20_loc05.dat,serrated,0,0,20,0.25,-21.5535539603,0.0650861565119,361.999661428,36.4548084038
343,-1.01162790698,10.5531914894,0.202600787721,0.247203501858,19.3262416396,2.21571339592,Sr20R21_phi0_alpha0_U20_loc05.dat,serrated,0,0,20,0.25,-9.82875155344,0.0639954609161,367.934082107,36.4757175931
344,-1.01162790698,10.7234042553,0.190560420247,0.241179456508,19.337134484,2.22305078805,Sr20R21_phi0_alpha0_U20_loc05.dat,serrated,0,0,20,0.25,-10.0513372532,0.0577760087964,373.868502786,36.496276392
345,-1.01162790698,10.8936170213,0.177457818716,0.23600667619,19.3469686983,2.22963939955,Sr20R21_phi0_alpha0_U20_loc05.dat,serrated,0,0,20,0.25,-4.12699936266,0.0524851709868,379.802923465,36.514837167
346,-1.01162790698,11.0638297872,0.165112575745,0.230734728469,19.3559023444,2.23650422489,Sr20R21_phi0_alpha0_U20_loc05.dat,serrated,0,0,20,0.25,-1.2019512649,0.0506583869503,385.737344144,36.5316982391
347,-1.01162790698,11.2340425532,0.156108577404,0.226903191771,19.3645250486,2.24448985489,Sr20R21_phi0_alpha0_U20_loc05.dat,serrated,0,0,20,0.25,1.76689586952,0.0497085668393,391.671764824,36.5479724494
348,-1.01162790698,11.4042553191,0.147270026288,0.223096331907,19.3729860813,2.25218202135,Sr20R21_phi0_alpha0_U20_loc05.dat,serrated,0,0,20,0.25,5.19445211191,0.047883939658,397.606185503,36.5639415263
349,-1.01162790698,11.5744680851,0.142414857976,0.219954365687,19.3811365391,2.25970561567,Sr20R21_phi0_alpha0_U20_loc05.dat,serrated,0,0,20,0.25,2.624326354,0.0498006666788,403.540606182,36.5793244343
350,-1.01162790698,11.7446808511,0.137113782264,0.21689508506,19.3896132483,2.26643605857,Sr20R21_phi0_alpha0_U20_loc05.dat,serrated,0,0,20,0.25,2.40022755931,0.0532897459447,409.475026861,36.5953230986
351,-1.01162790698,11.914893617,0.131673158386,0.214236146733,19.3986838433,2.27061263887,Sr20R21_phi0_alpha0_U20_loc05.dat,serrated,0,0,20,0.25,-0.206918045499,0.0513400221264,415.40944754,36.6124426436
352,-1.01162790698,12.085106383,0.126130970314,0.211949374135,19.4074225705,2.27513707191,Sr20R21_phi0_alpha0_U20_loc05.dat,serrated,0,0,20,0.25,1.04699520559,0.0471233285108,421.343868219,36.628935832
353,-1.01162790698,12.2553191489,0.120765576228,0.209961105041,19.4154435626,2.27996210374,Sr20R21_phi0_alpha0_U20_loc05.dat,serrated,0,0,20,0.25,8.81500972726,0.0428308302543,427.278288898,36.6440743906
354,-1.01162790698,12.4255319149,0.11580500221,0.208627471965,19.4227339167,2.28569950358,Sr20R21_phi0_alpha0_U20_loc05.dat,serrated,0,0,20,0.25,9.81669645355,0.0390555172645,433.212709578,36.6578339669
355,-1.01162790698,12.5957446809,0.111136001725,0.207788484369,19.4293816643,2.29247617484,Sr20R21_phi0_alpha0_U20_loc05.dat,serrated,0,0,20,0.25,8.08058989169,0.0425754439984,439.147130257,36.6703807088
356,-1.01162790698,12.7659574468,0.107179733974,0.207075504496,19.4366285484,2.2987245311,Sr20R21_phi0_alpha0_U20_loc05.dat,serrated,0,0,20,0.25,1.81040667977,0.045215671214,445.081550936,36.6840582412
357,-1.01162790698,12.9361702128,0.103362180094,0.206431964522,19.4443248328,2.30316932883,Sr20R21_phi0_alpha0_U20_loc05.dat,serrated,0,0,20,0.25,-2.72693887639,0.045572008767,451.015971615,36.6985839573
358,-1.01162790698,13.1063829787,0.100424655648,0.205661667759,19.4520817705,2.30754493131,Sr20R21_phi0_alpha0_U20_loc05.dat,serrated,0,0,20,0.25,-2.61116655605,0.0458468514624,456.950392294,36.7132241482
359,-1.01162790698,13.2765957447,0.0978311576687,0.204840368066,19.4598854899,2.31198504221,Sr20R21_phi0_alpha0_U20_loc05.dat,serrated,0,0,20,0.25,2.14256050638,0.0416162109756,462.884812973,36.7279526335
360,-1.01162790698,13.4468085106,0.0957659581782,0.204537473003,19.4669691003,2.31864175771,Sr20R21_phi0_alpha0_U20_loc05.dat,serrated,0,0,20,0.25,6.37432636064,0.0409998634831,468.819233652,36.7413220085
361,-1.01162790698,13.6170212766,0.093824238708,0.204332527483,19.4739478005,2.32551967966,Sr20R21_phi0_alpha0_U20_loc05.dat,serrated,0,0,20,0.25,2.65930519966,0.0473255618164,474.753654332,36.7544933794
362,-1.01162790698,13.7872340426,0.0917395016676,0.203859453055,19.4820032152,2.33045710711,Sr20R21_phi0_alpha0_U20_loc05.dat,serrated,0,0,20,0.25,-3.54746755081,0.045701931685,480.688075011,36.7696969062
363,-1.01162790698,13.9574468085,0.0897075409337,0.203460812537,19.4897822674,2.3356823618,Sr20R21_phi0_alpha0_U20_loc05.dat,serrated,0,0,20,0.25,-6.07099773408,0.0479328886303,486.62249569,36.7843788354
364,-1.01162790698,14.1276595745,0.0878637764811,0.202733871759,19.497941057,2.33876541547,Sr20R21_phi0_alpha0_U20_loc05.dat,serrated,0,0,20,0.25,-6.08329625642,0.0487144738814,492.556916369,36.7997774685
365,-1.01162790698,14.2978723404,0.0859250973677,0.202069277449,19.5062328823,2.34197354493,Sr20R21_phi0_alpha0_U20_loc05.dat,serrated,0,0,20,0.25,-3.33176578314,0.0401935281388,498.491337048,36.815427189
366,-1.01162790698,14.4680851064,0.0846285526897,0.201665506674,19.5130743339,2.34783492023,Sr20R21_phi0_alpha0_U20_loc05.dat,serrated,0,0,20,0.25,6.39455872857,0.0378268730103,504.425757727,36.8283395214
367,-1.01162790698,14.6382978723,0.0836248041541,0.201372391629,19.5195129506,2.35413370181,Sr20R21_phi0_alpha0_U20_loc05.dat,serrated,0,0,20,0.25,7.64818383114,0.0381667632405,510.360178406,36.8404915563
368,-1.01162790698,14.8085106383,0.0828706423608,0.201243065696,19.526009421,2.36040201707,Sr20R21_phi0_alpha0_U20_loc05.dat,serrated,0,0,20,0.25,5.21745702125,0.0408100275392,516.294599086,36.8527527824
369,-1.01162790698,14.9787234043,0.0819213606115,0.200938524087,19.5329558086,2.36537006029,Sr20R21_phi0_alpha0_U20_loc05.dat,serrated,0,0,20,0.25,-2.75488349093,0.044069510931,522.229019765,36.8658631677
370,-1.01162790698,15.1489361702,0.0807124634877,0.200310937469,19.540457002,2.36886585465,Sr20R21_phi0_alpha0_U20_loc05.dat,serrated,0,0,20,0.25,-3.31950265958,0.0427629915876,528.163440444,36.8800206752
371,-1.01162790698,15.3191489362,0.0795216993692,0.19966208327,19.547735809,2.37277171894,Sr20R21_phi0_alpha0_U20_loc05.dat,serrated,0,0,20,0.25,-2.06519773387,0.0399714812256,534.097861123,36.8937584581
372,-1.01162790698,15.4893617021,0.0784526507947,0.199081162938,19.5545394654,2.37756035649,Sr20R21_phi0_alpha0_U20_loc05.dat,serrated,0,0,20,0.25,4.41332118404,0.0381364370896,540.032281802,36.906599457
373,-1.01162790698,15.6595744681,0.0775919692718,0.198545320775,19.5610307739,2.38269656323,Sr20R21_phi0_alpha0_U20_loc05.dat,serrated,0,0,20,0.25,4.99920731813,0.0374208145541,545.966702481,36.9188509407
374,-1.01162790698,15.829787234,0.0768518959627,0.197970039631,19.5674002742,2.38790617807,Sr20R21_phi0_alpha0_U20_loc05.dat,serrated,0,0,20,0.25,0.856795115522,0.0384464846989,551.90112316,36.9308725277
375,-1.01162790698,16.0,0.0763817514645,0.197522347661,19.5739443567,2.39232804269,Sr20R21_phi0_alpha0_U20_loc05.dat,serrated,0,0,20,0.25,-7.09064049194,0.0422908756372,557.83554384,36.9432236154
376,-1.01162790698,16.170212766,0.0755437752074,0.197111907212,19.5811428036,2.39477768284,Sr20R21_phi0_alpha0_U20_loc05.dat,serrated,0,0,20,0.25,-8.16049404105,0.0380324500094,563.769964519,36.9568097291
377,-1.01162790698,16.3404255319,0.0749230966026,0.197415375918,19.5876164121,2.39922852249,Sr20R21_phi0_alpha0_U20_loc05.dat,serrated,0,0,20,0.25,-3.8948965294,0.0356700744135,569.704385198,36.9690278065
378,-1.01162790698,16.5106382979,0.0744446428205,0.197957862844,19.5936879142,2.40446528726,Sr20R21_phi0_alpha0_U20_loc05.dat,serrated,0,0,20,0.25,0.90298801367,0.033987976067,575.638805877,36.9804869612
379,-1.01162790698,16.6808510638,0.0741706926176,0.198298455745,19.5994731016,2.41113532644,Sr20R21_phi0_alpha0_U20_loc05.dat,serrated,0,0,20,0.25,1.07577434937,0.0332817242489,581.573226556,36.9914057351
380,-1.01162790698,16.8510638298,0.0738651850472,0.198558349774,19.6051380759,2.41796143638,Sr20R21_phi0_alpha0_U20_loc05.dat,serrated,0,0,20,0.25,-0.960653702032,0.0427612954768,587.507647235,37.0020976228
381,-1.01162790698,17.0212765957,0.0736559648411,0.197956276261,19.6124165943,2.4213353229,Sr20R21_phi0_alpha0_U20_loc05.dat,serrated,0,0,20,0.25,-6.49731155554,0.0400219658224,593.442067914,37.0158348608
382,-1.01162790698,17.1914893617,0.0736771570113,0.197395100233,19.6192288438,2.42504564415,Sr20R21_phi0_alpha0_U20_loc05.dat,serrated,0,0,20,0.25,-5.2155339767,0.0381051336841,599.376488594,37.0286920781
383,-1.01162790698,17.3617021277,0.0737818624344,0.196832847109,19.625714824,2.42776674113,Sr20R21_phi0_alpha0_U20_loc05.dat,serrated,0,0,20,0.25,1.427508423,0.0342591994827,605.310909273,37.0409335054
384,-1.01162790698,17.5319148936,0.0737885708068,0.196437092623,19.6315461771,2.43162739957,Sr20R21_phi0_alpha0_U20_loc05.dat,serrated,0,0,20,0.25,4.83616903116,0.0268967176694,611.245329952,37.0519394109
385,-1.01162790698,17.7021276596,0.0739830703823,0.196524839569,19.6361243418,2.43716485974,Sr20R21_phi0_alpha0_U20_loc05.dat,serrated,0,0,20,0.25,7.73858474681,0.0285161394972,617.179750631,37.0605800895
386,-1.01162790698,17.8723404255,0.0741377091816,0.196681948187,19.6409781528,2.4422840135,Sr20R21_phi0_alpha0_U20_loc05.dat,serrated,0,0,20,0.25,3.68252279916,0.0309500524419,623.11417131,37.0697410139
387,-1.01162790698,18.0425531915,0.0743045132722,0.196990941224,19.6462462468,2.4464191984,Sr20R21_phi0_alpha0_U20_loc05.dat,serrated,0,0,20,0.25,-0.401889390205,0.0334362255027,629.048591989,37.0796838426
388,-1.01162790698,18.2127659574,0.0741339132449,0.197460036525,19.6519375193,2.44980693863,Sr20R21_phi0_alpha0_U20_loc05.dat,serrated,0,0,20,0.25,-3.51274559858,0.0346060017518,634.983012668,37.0904253644
389,-1.01162790698,18.3829787234,0.0734631274808,0.198123612873,19.6578279025,2.45288356752,Sr20R21_phi0_alpha0_U20_loc05.dat,serrated,0,0,20,0.25,-0.309774423928,0.0308051925514,640.917433348,37.1015426815
390,-1.01162790698,18.5531914894,0.073200027627,0.198760649618,19.6630713396,2.45708181574,Sr20R21_phi0_alpha0_U20_loc05.dat,serrated,0,0,20,0.25,2.10988667874,0.0295067531631,646.851854027,37.1114389734
391,-1.01162790698,18.7234042553,0.0729274836564,0.199487506367,19.6680937656,2.46167022143,Sr20R21_phi0_alpha0_U20_loc05.dat,serrated,0,0,20,0.25,3.68480535556,0.0290424106083,652.786274706,37.1209181364
392,-1.01162790698,18.8936170213,0.0731677664578,0.200051056759,19.6730371547,2.46542281566,Sr20R21_phi0_alpha0_U20_loc05.dat,serrated,0,0,20,0.25,5.3246500343,0.0278142337962,658.720695385,37.1302481275
393,-1.01162790698,19.0638297872,0.0736931339845,0.200542107346,19.6777714923,2.46917332979,Sr20R21_phi0_alpha0_U20_loc05.dat,serrated,0,0,20,0.25,-2.05779242797,0.0317407852684,664.655116064,37.1391835619
394,-1.01162790698,19.2340425532,0.0740795645171,0.200280028164,19.6831741792,2.47207095962,Sr20R21_phi0_alpha0_U20_loc05.dat,serrated,0,0,20,0.25,-5.07565371117,0.0331876968414,670.589536743,37.1493804167
395,-1.01162790698,19.4042553191,0.0744380045233,0.199806281914,19.6888231489,2.47480757556,Sr20R21_phi0_alpha0_U20_loc05.dat,serrated,0,0,20,0.25,-1.88941544321,0.0276258488244,676.523957422,37.1600420977
396,-1.01162790698,19.5744680851,0.0741206960301,0.199253078156,19.693525421,2.47988611089,Sr20R21_phi0_alpha0_U20_loc05.dat,serrated,0,0,20,0.25,5.27104521802,0.0283300572993,682.458378102,37.1689170126
397,-1.01162790698,19.7446808511,0.073567245322,0.198683071701,19.6983475584,2.48507102132,Sr20R21_phi0_alpha0_U20_loc05.dat,serrated,0,0,20,0.25,4.31231431283,0.032041876981,688.392798781,37.1780181573
398,-1.01162790698,19.914893617,0.0725238391341,0.198275311295,19.7038014949,2.48952620573,Sr20R21_phi0_alpha0_U20_loc05.dat,serrated,0,0,20,0.25,0.975752654083,0.0307530142327,694.32721946,37.1883117391
399,-1.01162790698,20.085106383,0.0714979150241,0.197902048383,19.7090360506,2.49391187697,Sr20R21_phi0_alpha0_U20_loc05.dat,serrated,0,0,20,0.25,-2.98618944878,0.0395655547936,700.261640139,37.1981912685
400,-1.01162790698,20.2553191489,0.07067984947,0.197607530832,19.7157706131,2.49649756797,Sr20R21_phi0_alpha0_U20_loc05.dat,serrated,0,0,20,0.25,-5.79097187084,0.0376082756698,706.196060818,37.2109018619
401,-1.01162790698,20.4255319149,0.0702644934331,0.197474756626,19.7221720217,2.49930630076,Sr20R21_phi0_alpha0_U20_loc05.dat,serrated,0,0,20,0.25,-0.894327163185,0.0275831600822,712.130481497,37.2229836716
402,-1.01162790698,20.5957446809,0.070797933522,0.198080370879,19.7268670277,2.50351182105,Sr20R21_phi0_alpha0_U20_loc05.dat,serrated,0,0,20,0.25,7.09071350136,0.0259372660714,718.064902176,37.2318448726
403,-1.01162790698,20.7659574468,0.0712186528616,0.198730020679,19.7312818815,2.50822546234,Sr20R21_phi0_alpha0_U20_loc05.dat,serrated,0,0,20,0.25,9.9149682779,0.0215496909491,723.999322856,37.2401773235
404,-1.01162790698,20.9361702128,0.071554328978,0.19939065263,19.734949914,2.51362589408,Sr20R21_phi0_alpha0_U20_loc05.dat,serrated,0,0,20,0.25,9.91620483928,0.0251290684756,729.933743535,37.2471002483
405,-1.01162790698,21.1063829787,0.0715825369599,0.199974282864,19.7392272022,2.51809989076,Sr20R21_phi0_alpha0_U20_loc05.dat,serrated,0,0,20,0.25,3.75354676722,0.0291310629613,735.868164214,37.2551730626
406,-1.01162790698,21.2765957447,0.0714816837441,0.200288481844,19.744185681,2.52158666519,Sr20R21_phi0_alpha0_U20_loc05.dat,serrated,0,0,20,0.25,-0.378625056308,0.0311707705413,741.802584893,37.2645315336
407,-1.01162790698,21.4468085106,0.0721026464884,0.200183509886,19.7494913441,2.52547299915,Sr20R21_phi0_alpha0_U20_loc05.dat,serrated,0,0,20,0.25,-3.15555833772,0.0356226868643,747.737005572,37.2745452689
408,-1.01162790698,21.6170212766,0.0730350251814,0.199610381253,19.7555547802,2.5292370043,Sr20R21_phi0_alpha0_U20_loc05.dat,serrated,0,0,20,0.25,0.453288138759,0.0315487484996,753.671426251,37.2859892002
409,-1.01162790698,21.7872340426,0.0739605053562,0.19872113084,19.7609247799,2.5336178916,Sr20R21_phi0_alpha0_U20_loc05.dat,serrated,0,0,20,0.25,0.577408716611,0.0348533109414,759.60584693,37.2961243624
410,-1.01162790698,21.9574468085,0.0749576800758,0.197765493299,19.7668572584,2.53868137867,Sr20R21_phi0_alpha0_U20_loc05.dat,serrated,0,0,20,0.25,2.91231735098,0.0277732524445,765.54026761,37.3073211286
411,-1.01162790698,22.1276595745,0.0750150626469,0.197811770489,19.7715846205,2.5427929537,Sr20R21_phi0_alpha0_U20_loc05.dat,serrated,0,0,20,0.25,7.65960601882,0.0254106572362,771.474688289,37.3162433975
412,-1.01162790698,22.2978723404,0.0747675822033,0.198211905683,19.7759098387,2.54663806533,Sr20R21_phi0_alpha0_U20_loc05.dat,serrated,0,0,20,0.25,4.58931736989,0.0272503477039,777.409108968,37.3244066733
413,-1.01162790698,22.4680851064,0.0743245722223,0.199256245037,19.7805481958,2.55091828736,Sr20R21_phi0_alpha0_U20_loc05.dat,serrated,0,0,20,0.25,2.39949966554,0.0279704279861,783.343529647,37.333160957
414,-1.01162790698,22.6382978723,0.0738946620524,0.200436749125,19.7853091197,2.5553767545,Sr20R21_phi0_alpha0_U20_loc05.dat,serrated,0,0,20,0.25,1.73457998099,0.0319922356125,789.277950326,37.3421465693
415,-1.01162790698,22.8085106383,0.0740959770163,0.201834457648,19.7907546066,2.56054789125,Sr20R21_phi0_alpha0_U20_loc05.dat,serrated,0,0,20,0.25,1.4606002113,0.0281943937203,795.212371005,37.3524242036
416,-1.06211180124,1.3734939759,0.917815952086,1.85886573174,8.87269269311,0.520621718943,Sr20R21_phi0_alpha0_U20_loc10_even_newer.dat,serrated,0,0,20,0.5,-1845.29688177,1.85515983213,48.1455890086,16.6559088037
417,-1.06211180124,1.8313253012,0.934325811993,1.89704828185,9.7220429777,0.65362849338,Sr20R21_phi0_alpha0_U20_loc10_even_newer.dat,serrated,0,0,20,0.5,-1758.58454716,1.73188035781,64.1941186781,18.250317781
418,-1.06211180124,2.28915662651,0.937215962256,1.92834995721,10.5149520572,0.781728089897,Sr20R21_phi0_alpha0_U20_loc10_even_newer.dat,serrated,0,0,20,0.5,-1647.53409845,1.68231951722,80.2426483476,19.738774755
419,-1.06211180124,2.74698795181,0.931347578655,1.89852787387,11.2851706313,0.913339450287,Sr20R21_phi0_alpha0_U20_loc10_even_newer.dat,serrated,0,0,20,0.5,-1644.90534011,1.73060771257,96.2911780172,21.1846368821
420,-1.06211180124,3.20481927711,0.928734963318,1.88177678655,12.077497054,1.03250335125,Sr20R21_phi0_alpha0_U20_loc10_even_newer.dat,serrated,0,0,20,0.5,-1687.85359359,1.75242529346,112.339707687,22.6720000867
421,-1.06211180124,3.66265060241,0.91906473131,1.86005873891,12.8798122485,1.13290909298,Sr20R21_phi0_alpha0_U20_loc10_even_newer.dat,serrated,0,0,20,0.5,-1675.65714346,1.69666866492,128.388237356,24.1781143156
422,-1.06211180124,4.12048192771,0.900514511233,1.81809994447,13.656600312,1.23458699464,Sr20R21_phi0_alpha0_U20_loc10_even_newer.dat,serrated,0,0,20,0.5,-1602.46935344,1.61385680684,144.436767026,25.6363087546
423,-1.06211180124,4.57831325301,0.875141669036,1.74832073037,14.3954745127,1.34430158472,Sr20R21_phi0_alpha0_U20_loc10_even_newer.dat,serrated,0,0,20,0.5,-1560.2666417,1.59023464117,160.485296695,27.0233309057
424,-1.06211180124,5.03614457831,0.8566912837,1.65343990289,15.123533746,1.45605778158,Sr20R21_phi0_alpha0_U20_loc10_even_newer.dat,serrated,0,0,20,0.5,-1561.3882306,1.60993299552,176.533826365,28.3900510901
425,-1.06211180124,5.49397590361,0.804287973818,1.56832032796,15.860611503,1.55848492786,Sr20R21_phi0_alpha0_U20_loc10_even_newer.dat,serrated,0,0,20,0.5,-1548.19496829,1.57547973416,192.582356034,29.7737009387
426,-1.06211180124,5.95180722892,0.746012016819,1.44337589805,16.5819154777,1.6432258379,Sr20R21_phi0_alpha0_U20_loc10_even_newer.dat,serrated,0,0,20,0.5,-1442.84774567,1.39497514649,208.630885704,31.127740083
427,-1.06211180124,6.40963855422,0.696913998603,1.29884200446,17.2205787978,1.73391806425,Sr20R21_phi0_alpha0_U20_loc10_even_newer.dat,serrated,0,0,20,0.5,-1317.98894999,1.29188681517,224.679415373,32.3266453515
428,-1.06211180124,6.86746987952,0.639168519726,1.12887479756,17.8120450505,1.84000448382,Sr20R21_phi0_alpha0_U20_loc10_even_newer.dat,serrated,0,0,20,0.5,-1176.57230351,1.08938230694,240.727945043,33.436951806
429,-1.06211180124,7.32530120482,0.570485463312,0.960560974737,18.3107983958,1.92967620877,Sr20R21_phi0_alpha0_U20_loc10_even_newer.dat,serrated,0,0,20,0.5,-964.837014477,0.912770350575,256.776474712,34.3732166495
430,-1.06211180124,7.78313253012,0.497620384563,0.748294150846,18.7286932551,1.99969529374,Sr20R21_phi0_alpha0_U20_loc10_even_newer.dat,serrated,0,0,20,0.5,-753.101721221,0.675693106452,272.825004382,35.157693122
431,-1.06211180124,8.24096385542,0.424245985124,0.553813490335,19.0380467256,2.06653474104,Sr20R21_phi0_alpha0_U20_loc10_even_newer.dat,serrated,0,0,20,0.5,-501.056928694,0.406706133455,288.873534052,35.7384145974
432,-1.06211180124,8.69879518072,0.371852755674,0.420054211557,19.2242495337,2.11919684119,Sr20R21_phi0_alpha0_U20_loc10_even_newer.dat,serrated,0,0,20,0.5,-279.470259762,0.235724861532,304.922063721,36.0879563992
433,-1.06211180124,9.15662650602,0.302016177583,0.33978471089,19.3321717594,2.15229531546,Sr20R21_phi0_alpha0_U20_loc10_even_newer.dat,serrated,0,0,20,0.5,-138.44392626,0.133540193359,320.970593391,36.2905490971
434,-1.06211180124,9.61445783133,0.252599265571,0.305446754556,19.3933106431,2.18708657742,Sr20R21_phi0_alpha0_U20_loc10_even_newer.dat,serrated,0,0,20,0.5,-54.6376622362,0.0771058911999,337.01912306,36.4053196303
435,-1.06211180124,10.0722891566,0.217708134299,0.283231684421,19.4286121355,2.21149699245,Sr20R21_phi0_alpha0_U20_loc10_even_newer.dat,serrated,0,0,20,0.5,-12.4258523317,0.0503222266237,353.06765273,36.4715879502
436,-1.06211180124,10.5301204819,0.188420005437,0.270815231725,19.4516512272,2.23167088902,Sr20R21_phi0_alpha0_U20_loc10_even_newer.dat,serrated,0,0,20,0.5,1.05696652362,0.0558988910492,369.116182399,36.514837167
437,-1.06211180124,10.9879518072,0.170622382005,0.258644008002,19.4772434906,2.25099368327,Sr20R21_phi0_alpha0_U20_loc10_even_newer.dat,serrated,0,0,20,0.5,-2.38707731989,0.0493451484062,385.164712069,36.5628792236
438,-1.06211180124,11.4457831325,0.156216936434,0.250728156607,19.4998352453,2.26402229225,Sr20R21_phi0_alpha0_U20_loc10_even_newer.dat,serrated,0,0,20,0.5,4.15960103416,0.046026441767,401.213241738,36.6052886949
439,-1.06211180124,11.9036144578,0.144846857525,0.244832987403,19.5209075921,2.28461267469,Sr20R21_phi0_alpha0_U20_loc10_even_newer.dat,serrated,0,0,20,0.5,2.22509895079,0.0539932007596,417.261771408,36.6448459183
440,-1.06211180124,12.3614457831,0.134614210925,0.240008982329,19.5456273707,2.30449017215,Sr20R21_phi0_alpha0_U20_loc10_even_newer.dat,serrated,0,0,20,0.5,-5.98034733119,0.0457126083828,433.310301077,36.6912501378
441,-1.06211180124,12.8192771084,0.124674517533,0.241167063199,19.5665560348,2.31902633414,Sr20R21_phi0_alpha0_U20_loc10_even_newer.dat,serrated,0,0,20,0.5,6.33336249039,0.0328667064696,449.358830747,36.7305376385
442,-1.06211180124,13.2771084337,0.118566074112,0.238484302031,19.5816034426,2.33790232571,Sr20R21_phi0_alpha0_U20_loc10_even_newer.dat,serrated,0,0,20,0.5,5.43449147769,0.0419186318835,465.407360416,36.7587847851
443,-1.06211180124,13.734939759,0.113696448893,0.236542621051,19.6007951054,2.35171195038,Sr20R21_phi0_alpha0_U20_loc10_even_newer.dat,serrated,0,0,20,0.5,2.10341207079,0.0411361062584,481.455890086,36.7948115694
444,-1.06211180124,14.1927710843,0.112379233527,0.234957251874,19.6196285034,2.37019774449,Sr20R21_phi0_alpha0_U20_loc10_even_newer.dat,serrated,0,0,20,0.5,7.59149384239,0.0371651538272,497.504419755,36.8301658154
445,-1.06211180124,14.6506024096,0.111472630899,0.232856778143,19.6366438751,2.38601739661,Sr20R21_phi0_alpha0_U20_loc10_even_newer.dat,serrated,0,0,20,0.5,2.09450701236,0.0388785152538,513.552949425,36.8621072438
446,-1.06211180124,15.1084337349,0.109726655501,0.235102674265,19.6544436772,2.40479807636,Sr20R21_phi0_alpha0_U20_loc10_even_newer.dat,serrated,0,0,20,0.5,-2.25458427796,0.0447083704148,529.601479094,36.8955212131
447,-1.06211180124,15.5662650602,0.107810730489,0.235514732626,19.6749125697,2.42435980283,Sr20R21_phi0_alpha0_U20_loc10_even_newer.dat,serrated,0,0,20,0.5,-5.72049583436,0.0355967420707,545.650008764,36.9339456259
448,-1.06211180124,16.0240963855,0.103278779236,0.234333432311,19.6912098733,2.43443000783,Sr20R21_phi0_alpha0_U20_loc10_even_newer.dat,serrated,0,0,20,0.5,3.64936212576,0.0366374374504,561.698538433,36.9645390896
449,-1.06211180124,16.4819277108,0.102470463631,0.237388851902,19.7079836399,2.44860174222,Sr20R21_phi0_alpha0_U20_loc10_even_newer.dat,serrated,0,0,20,0.5,-5.75047748755,0.0470331138091,577.747068103,36.9960269745
450,-1.06211180124,16.9397590361,0.105258132849,0.23633586861,19.7295168727,2.45783441817,Sr20R21_phi0_alpha0_U20_loc10_even_newer.dat,serrated,0,0,20,0.5,-8.62677710152,0.0333434298198,593.795597773,37.0364493778
451,-1.06211180124,17.3975903614,0.105546585211,0.233169954039,19.7447825394,2.47192847878,Sr20R21_phi0_alpha0_U20_loc10_even_newer.dat,serrated,0,0,20,0.5,3.48249517826,0.0305793874962,609.844127442,37.0651062422
452,-1.06211180124,17.8554216867,0.102828556817,0.232455972352,19.7587827409,2.48936855909,Sr20R21_phi0_alpha0_U20_loc10_even_newer.dat,serrated,0,0,20,0.5,2.01802920113,0.0295965175715,625.892657112,37.0913875626
453,-1.06211180124,18.313253012,0.103118088981,0.234309240376,19.7723329537,2.50413607935,Sr20R21_phi0_alpha0_U20_loc10_even_newer.dat,serrated,0,0,20,0.5,3.84246984921,0.0385305911922,641.941186781,37.1168241598
454,-1.06211180124,18.7710843373,0.103615708776,0.236263592889,19.7899734654,2.52084347048,Sr20R21_phi0_alpha0_U20_loc10_even_newer.dat,serrated,0,0,20,0.5,-2.54770644396,0.0356709498699,657.989716451,37.1499391073
455,-1.06211180124,19.2289156627,0.102666095355,0.236109957093,19.8063047436,2.53396042826,Sr20R21_phi0_alpha0_U20_loc10_even_newer.dat,serrated,0,0,20,0.5,1.58553216838,0.0271710853409,674.03824612,37.1805963487
456,-1.06211180124,19.686746988,0.0991308426456,0.234980288357,19.8187445176,2.55136566633,Sr20R21_phi0_alpha0_U20_loc10_even_newer.dat,serrated,0,0,20,0.5,4.8760223097,0.0279401721405,690.08677579,37.2039484187
457,-1.06211180124,20.1445783133,0.0990175594007,0.233680356302,19.8315364037,2.56502418764,Sr20R21_phi0_alpha0_U20_loc10_even_newer.dat,serrated,0,0,20,0.5,5.87100028171,0.0244587360484,706.135305459,37.2279614771
458,-1.06211180124,20.6024096386,0.0966407682125,0.234286057513,19.8427343792,2.57578907046,Sr20R21_phi0_alpha0_U20_loc10_even_newer.dat,serrated,0,0,20,0.5,7.16178390369,0.0309155472867,722.183835129,37.2489824304
