,x [mm],y [mm],u_rms [m/s],v_rms [m/s],u [m/s],w,v [m/s],Reynold_stress_uv,case_name,trailing_edge,phi [deg],alpha [deg],U [m/s],z [z/lambda],vorticity_xy,u_rate_of_change,y_plus,u_plus
0,-1.05555555556,1.3734939759,1.98295229026,1.03466071923,9.09810643403,0.103325734596,0.582632676786,-1.57613528967,STE_phi0_alpha0_U20_loc00_tr.dat,straight,0,0,20,0,-1777.47850272,1.82233744691,47.6236261521,17.2662470779
1,-1.05555555556,1.8313253012,1.99610251495,1.03512630299,9.9324296025,0.101251148027,0.701565436614,-1.62298126276,STE_phi0_alpha0_U20_loc00_tr.dat,straight,0,0,20,0,-1740.20235314,1.81755113769,63.4981682028,18.8496128117
2,-1.05555555556,2.28915662651,1.98110004339,1.0346140691,10.7645614487,0.0998500245295,0.818452858452,-1.64582894576,STE_phi0_alpha0_U20_loc00_tr.dat,straight,0,0,20,0,-1719.35051321,1.74479470116,79.3727102536,20.4288198875
3,-1.05555555556,2.74698795181,1.96496110905,1.02748103527,11.5633831191,0.103438696902,0.933076887349,-1.65179028946,STE_phi0_alpha0_U20_loc00_tr.dat,straight,0,0,20,0,-1679.3902966,1.71547090939,95.2472523043,21.9448114218
4,-1.05555555556,3.20481927711,1.92486063827,1.01271191854,12.348779439,0.0989067473297,1.03362373795,-1.60366973147,STE_phi0_alpha0_U20_loc00_tr.dat,straight,0,0,20,0,-1668.64041987,1.74300617445,111.121794355,23.4353245317
5,-1.05555555556,3.66265060241,1.86473790992,0.979431301002,13.1467822659,0.100213560288,1.12939275599,-1.50411833898,STE_phi0_alpha0_U20_loc00_tr.dat,straight,0,0,20,0,-1670.81399946,1.73406411715,126.996336406,24.9497620773
6,-1.05555555556,4.12048192771,1.78095536794,0.940987728344,13.9406911388,0.100364940557,1.21832358788,-1.36648830856,STE_phi0_alpha0_U20_loc00_tr.dat,straight,0,0,20,0,-1616.48685295,1.62224688864,142.870878456,26.4564301797
7,-1.05555555556,4.57831325301,1.69666541832,0.903074602282,14.6834065818,0.106382088306,1.30956878034,-1.2288630834,STE_phi0_alpha0_U20_loc00_tr.dat,straight,0,0,20,0,-1538.88937548,1.55575248236,158.745420507,27.8659441748
8,-1.05555555556,5.03614457831,1.5968921073,0.865185526381,15.3956788026,0.0975251106524,1.39789682152,-1.08102307092,STE_phi0_alpha0_U20_loc00_tr.dat,straight,0,0,20,0,-1488.85855917,1.52575425236,174.619962558,29.217683489
9,-1.05555555556,5.49397590361,1.47126604907,0.807458429203,16.0942168941,0.0743748591602,1.49187297357,-0.904602273447,STE_phi0_alpha0_U20_loc00_tr.dat,straight,0,0,20,0,-1421.40133594,1.42191154036,190.494504609,30.5433583827
10,-1.05555555556,5.95180722892,1.33373804824,0.743034090735,16.7452125391,0.0754210333984,1.58575308374,-0.731040334302,STE_phi0_alpha0_U20_loc00_tr.dat,straight,0,0,20,0,-1310.41209529,1.3046941553,206.369046659,31.7788079496
11,-1.05555555556,6.40963855422,1.18586544868,0.675143841611,17.3425423933,0.0844960562752,1.67335164524,-0.561339438158,STE_phi0_alpha0_U20_loc00_tr.dat,straight,0,0,20,0,-1186.75378365,1.17294430122,222.24358871,32.9124114005
12,-1.05555555556,6.86746987952,0.998481101894,0.606111215658,17.8795530372,0.0892805089119,1.75220193294,-0.382572934423,STE_phi0_alpha0_U20_loc00_tr.dat,straight,0,0,20,0,-1030.28036313,0.99834394265,238.118130761,33.9315419777
13,-1.05555555556,7.32530120482,0.786355874947,0.535481545018,18.3366261676,0.0860935683174,1.82399335458,-0.218513143913,STE_phi0_alpha0_U20_loc00_tr.dat,straight,0,0,20,0,-825.779393253,0.761407795711,253.992672811,34.7989683657
14,-1.05555555556,7.78313253012,0.582647056177,0.462227579913,18.6852225078,0.08917109396,1.885766717,-0.0999945481636,STE_phi0_alpha0_U20_loc00_tr.dat,straight,0,0,20,0,-580.031386065,0.510959331674,269.867214862,35.4605291623
15,-1.05555555556,8.24096385542,0.41683980832,0.390474779901,18.9191556958,0.0958730248443,1.93526072501,-0.0330895429089,STE_phi0_alpha0_U20_loc00_tr.dat,straight,0,0,20,0,-348.394647956,0.295158352017,285.741756913,35.9044839844
16,-1.05555555556,8.69879518072,0.321519341371,0.326823691172,19.0542884353,0.0900646687994,1.97597973529,-0.00944631384667,STE_phi0_alpha0_U20_loc00_tr.dat,straight,0,0,20,0,-172.606581724,0.164932099528,301.616298964,36.1609368282
17,-1.05555555556,9.15662650602,0.270945689498,0.268654386159,19.129799517,0.0789608023238,2.00658296469,-0.00393224043126,STE_phi0_alpha0_U20_loc00_tr.dat,straight,0,0,20,0,-75.8128539823,0.101065709631,317.490841014,36.3042406029
18,-1.05555555556,9.61445783133,0.238385426157,0.223151451988,19.1760705648,0.0751070342806,2.02960258989,-0.00312431308641,STE_phi0_alpha0_U20_loc00_tr.dat,straight,0,0,20,0,-27.8117468994,0.076822669019,333.365383065,36.3920530888
19,-1.05555555556,10.0722891566,0.215407634206,0.187565834523,19.2112423891,0.0694632092555,2.05048340321,-0.00315878902452,STE_phi0_alpha0_U20_loc00_tr.dat,straight,0,0,20,0,-10.3663884787,0.0644927698632,349.239925116,36.4588016385
20,-1.05555555556,10.5301204819,0.199532258377,0.161939599614,19.2407691994,0.067509785914,2.07053109001,-0.00341259034623,STE_phi0_alpha0_U20_loc00_tr.dat,straight,0,0,20,0,-2.4209292244,0.0559553426375,365.114467166,36.514837167
21,-1.05555555556,10.9879518072,0.187385331346,0.143191687082,19.2663873081,0.0674733020768,2.08698660103,-0.00363606911177,STE_phi0_alpha0_U20_loc00_tr.dat,straight,0,0,20,0,1.61250429979,0.0521712689091,380.989009217,36.5634548214
22,-1.05555555556,11.4457831325,0.179270501738,0.127574303352,19.2902729493,0.0646834291819,2.10329690389,-0.00387570621672,STE_phi0_alpha0_U20_loc00_tr.dat,straight,0,0,20,0,3.82905856541,0.0488366804626,396.863551268,36.6087846255
23,-1.05555555556,11.9036144578,0.17427844933,0.115739929198,19.3126319114,0.062301563551,2.11973601186,-0.00420084923278,STE_phi0_alpha0_U20_loc00_tr.dat,straight,0,0,20,0,1.70792498824,0.04920805495,412.738093318,36.6512171215
24,-1.05555555556,12.3614457831,0.169427024795,0.106265720468,19.3351609005,0.0641176180732,2.13467146785,-0.00431916787754,STE_phi0_alpha0_U20_loc00_tr.dat,straight,0,0,20,0,3.85812773679,0.0442814786565,428.612635369,36.6939722919
25,-1.05555555556,12.8192771084,0.165715966396,0.0993071900031,19.3554343485,0.0717411146061,2.14775599571,-0.00424333979795,STE_phi0_alpha0_U20_loc00_tr.dat,straight,0,0,20,0,4.52931709338,0.0485059406215,444.48717742,36.7324469311
26,-1.05555555556,13.2771084337,0.163282502493,0.0920711569072,19.3776418876,0.0734557740727,2.16146531461,-0.00448673125475,STE_phi0_alpha0_U20_loc00_tr.dat,straight,0,0,20,0,-0.714558793122,0.0488984564806,460.361719471,36.7745920588
27,-1.05555555556,13.734939759,0.160736063738,0.0861667331877,19.4000291327,0.0703581756256,2.1760087117,-0.00461854473651,STE_phi0_alpha0_U20_loc00_tr.dat,straight,0,0,20,0,-0.636193968615,0.0463492171733,476.236261521,36.8170782298
28,-1.05555555556,14.1927710843,0.159013325345,0.0820464295943,19.4212492563,0.063769874115,2.19014791856,-0.00459212761231,STE_phi0_alpha0_U20_loc00_tr.dat,straight,0,0,20,0,-1.00022525338,0.0449842160329,492.110803572,36.8573494553
29,-1.05555555556,14.6506024096,0.158348123261,0.0790657919937,19.4418444395,0.0595567225076,2.20388422848,-0.00457362981701,STE_phi0_alpha0_U20_loc00_tr.dat,straight,0,0,20,0,1.55986069741,0.0399451969924,507.985345623,36.8964346787
30,-1.05555555556,15.1084337349,0.157861378242,0.0763412887095,19.460132602,0.0588583026613,2.21799712547,-0.00468235320806,STE_phi0_alpha0_U20_loc00_tr.dat,straight,0,0,20,0,-0.933446881465,0.0500206847545,523.859887673,36.9311416734
31,-1.05555555556,15.5662650602,0.157330656185,0.0741537019075,19.4830336384,0.0543049261262,2.23063867423,-0.00471828041248,STE_phi0_alpha0_U20_loc00_tr.dat,straight,0,0,20,0,-0.991689380351,0.0387587597826,539.734429724,36.9746029096
32,-1.05555555556,16.0240963855,0.157310583793,0.0708195025859,19.5007786127,0.0579955542772,2.24445497796,-0.00483327037998,STE_phi0_alpha0_U20_loc00_tr.dat,straight,0,0,20,0,3.41509851247,0.0414082182795,555.608971775,37.0082790502
33,-1.05555555556,16.4819277108,0.156407368677,0.068876616898,19.5197365922,0.0555964425009,2.2569814164,-0.00492182225582,STE_phi0_alpha0_U20_loc00_tr.dat,straight,0,0,20,0,-1.67767219083,0.042923974066,571.483513826,37.0442572133
34,-1.05555555556,16.9397590361,0.155513648498,0.0681288280092,19.5393885321,0.0531766731224,2.26890755144,-0.00498704815957,STE_phi0_alpha0_U20_loc00_tr.dat,straight,0,0,20,0,-1.42352021772,0.0378076802458,587.358055876,37.081552364
35,-1.05555555556,17.3975903614,0.155289243346,0.0675027937598,19.5566980725,0.0537858565112,2.28241117981,-0.005039220989,STE_phi0_alpha0_U20_loc00_tr.dat,straight,0,0,20,0,-1.81182600049,0.0408733157921,603.232597927,37.1144021447
36,-1.05555555556,17.8554216867,0.155358468747,0.0658735787893,19.5754111568,0.0527017663575,2.29543851244,-0.00507518643705,STE_phi0_alpha0_U20_loc00_tr.dat,straight,0,0,20,0,-1.44558365971,0.0363964063572,619.107139978,37.1499155496
37,-1.05555555556,18.313253012,0.155516849425,0.064606741368,19.5920745718,0.0516251734861,2.30841691032,-0.00516310147314,STE_phi0_alpha0_U20_loc00_tr.dat,straight,0,0,20,0,1.29492410627,0.0368559655979,634.981682028,37.1815391233
38,-1.05555555556,18.7710843373,0.155302054482,0.0647652236109,19.6089483873,0.0519287493637,2.32032444312,-0.00512523772565,STE_phi0_alpha0_U20_loc00_tr.dat,straight,0,0,20,0,0.931543814935,0.0373812223164,650.856224079,37.2135619922
39,-1.05555555556,19.2289156627,0.1558954795,0.0640702886672,19.6260626819,0.0511436709604,2.33382184,-0.00520788868927,STE_phi0_alpha0_U20_loc00_tr.dat,straight,0,0,20,0,-0.449411027683,0.0391374850909,666.73076613,37.2460412383
40,-1.05555555556,19.686746988,0.156007940767,0.0628929264627,19.6439810486,0.0464115647572,2.34500572962,-0.00532111272457,STE_phi0_alpha0_U20_loc00_tr.dat,straight,0,0,20,0,-2.4786321769,0.0362709116414,682.605308181,37.2800464402
41,-1.05555555556,20.1445783133,0.155065073985,0.0633694500468,19.6605870081,0.0430655933685,2.35651662317,-0.00529110075668,STE_phi0_alpha0_U20_loc00_tr.dat,straight,0,0,20,0,-2.06889464831,0.0363317223094,698.479850231,37.311560976
42,-1.05555555556,20.6024096386,0.155094670171,0.0631919668197,19.6772208087,0.0414057393372,2.36926746772,-0.00532483031069,STE_phi0_alpha0_U20_loc00_tr.dat,straight,0,0,20,0,-3.5020273318,0.0378769549715,714.354392282,37.343128348
43,-1.05555555556,21.0602409639,0.155895895682,0.0628994690172,19.6945620652,0.0399402041677,2.38246344219,-0.005408974514,STE_phi0_alpha0_U20_loc00_tr.dat,straight,0,0,20,0,7.40476404329,0.0141413889134,730.228934333,37.376038319
44,-1.05555555556,21.5180722892,0.155911974208,0.0632296332729,19.701036436,0.038388111524,2.39542347421,-0.0053564407675,STE_phi0_alpha0_U20_loc00_tr.dat,straight,0,0,20,0,7.03797559507,0.0407971163142,746.103476383,37.3883252808
45,39.0920245399,0.666666666667,1.81592622019,0.950917403647,12.2588942968,-0.403930790111,-0.412506626917,-0.712334402215,Sr20R21_phi0_alpha0_U20_loc00_tr.dat,serrated,0,0,20,0,-1124.22426359,1.13711283446,34.9996898633,15.3652094543
46,39.0920245399,1.0,1.7907274926,1.04273184292,12.6379319083,-0.412971837401,-0.449261846648,-0.840576601596,Sr20R21_phi0_alpha0_U20_loc00_tr.dat,serrated,0,0,20,0,-1129.79654259,1.08855685924,52.499534795,15.8402924553
47,39.0920245399,1.33333333333,1.77832502062,1.11106026243,13.0007841947,-0.44684965673,-0.484507350449,-0.952787185594,Sr20R21_phi0_alpha0_U20_loc00_tr.dat,serrated,0,0,20,0,-1136.27736709,1.15542561419,69.9993797267,16.2950888869
48,39.0920245399,1.66666666667,1.78032719409,1.15684412459,13.3859260661,-0.444553699641,-0.50767079004,-1.07134381392,Sr20R21_phi0_alpha0_U20_loc00_tr.dat,serrated,0,0,20,0,-1174.77928853,1.17091741149,87.4992246584,16.7778229231
49,39.0920245399,2.0,1.81186798986,1.18007997573,13.7762318699,-0.447457675953,-0.519342868728,-1.17779264812,Sr20R21_phi0_alpha0_U20_loc00_tr.dat,serrated,0,0,20,0,-1161.85958961,1.15008923421,104.99906959,17.2670293949
50,39.0920245399,2.33333333333,1.81529235127,1.17800499491,14.159594948,-0.46239993993,-0.528327119439,-1.22251339797,Sr20R21_phi0_alpha0_U20_loc00_tr.dat,serrated,0,0,20,0,-1212.56122807,1.25347813713,122.498914522,17.7475339045
51,39.0920245399,2.66666666667,1.82327036068,1.16911144685,14.5774209937,-0.460248830031,-0.544260185802,-1.23627282052,Sr20R21_phi0_alpha0_U20_loc00_tr.dat,serrated,0,0,20,0,-1254.77990473,1.25929205331,139.998759453,18.2712340484
52,39.0920245399,3.0,1.78493286649,1.15076144199,14.9971850115,-0.458518840559,-0.560846294161,-1.21435453075,Sr20R21_phi0_alpha0_U20_loc00_tr.dat,serrated,0,0,20,0,-1272.56784588,1.27959127286,157.498604385,18.7973632325
53,39.0920245399,3.33333333333,1.76145532453,1.1290694179,15.4237154358,-0.470944647367,-0.580498035211,-1.1652815034,Sr20R21_phi0_alpha0_U20_loc00_tr.dat,serrated,0,0,20,0,-1297.24046007,1.31783709865,174.998449317,19.3319733816
54,39.0920245399,3.66666666667,1.71769871862,1.09362616455,15.8629944687,-0.475422890896,-0.595037929098,-1.08344364674,Sr20R21_phi0_alpha0_U20_loc00_tr.dat,serrated,0,0,20,0,-1330.73687781,1.36172579872,192.498294248,19.8825625445
55,39.0920245399,4.0,1.64473804873,1.0521003657,16.3169030682,-0.491477445068,-0.594955653971,-1.00517570669,Sr20R21_phi0_alpha0_U20_loc00_tr.dat,serrated,0,0,20,0,-1325.55333533,1.31371317244,209.99813918,20.4514883005
56,39.0920245399,4.33333333333,1.56983952296,1.00138381922,16.754807459,-0.518189881867,-0.601421451532,-0.896049061346,Sr20R21_phi0_alpha0_U20_loc00_tr.dat,serrated,0,0,20,0,-1274.03803689,1.25255132718,227.497984112,21.000354497
57,39.0920245399,4.66666666667,1.48950934561,0.943053496593,17.1723245681,-0.51826791195,-0.607790509737,-0.782677121991,Sr20R21_phi0_alpha0_U20_loc00_tr.dat,serrated,0,0,20,0,-1208.38593932,1.18369392189,244.997829043,21.523667422
58,39.0920245399,5.0,1.40185315359,0.887170063266,17.5668892087,-0.523382766429,-0.607969440294,-0.669704798281,Sr20R21_phi0_alpha0_U20_loc00_tr.dat,serrated,0,0,20,0,-1149.85577175,1.13572974132,262.497673975,22.018211889
59,39.0920245399,5.33333333333,1.28677394877,0.82750048883,17.9454657892,-0.538532635944,-0.609739089715,-0.55513836943,Sr20R21_phi0_alpha0_U20_loc00_tr.dat,serrated,0,0,20,0,-1075.81770009,1.03804708262,279.997518907,22.4927170371
60,39.0920245399,5.66666666667,1.16791870163,0.768518109187,18.2914814834,-0.546901202882,-0.608225124625,-0.455845987887,Sr20R21_phi0_alpha0_U20_loc00_tr.dat,serrated,0,0,20,0,-974.120291816,0.939579004125,297.497363838,22.9264106058
61,39.0920245399,6.0,1.03077638636,0.703482688351,18.6046744848,-0.558055324971,-0.607579941205,-0.350704054244,Sr20R21_phi0_alpha0_U20_loc00_tr.dat,serrated,0,0,20,0,-884.8207616,0.849827410861,314.99720877,23.3189644487
62,39.0920245399,6.33333333333,0.87309941443,0.631933161632,18.8879502884,-0.571455029613,-0.607882053502,-0.243849124147,Sr20R21_phi0_alpha0_U20_loc00_tr.dat,serrated,0,0,20,0,-768.911484702,0.708315253837,332.497053702,23.6740202922
63,39.0920245399,6.66666666667,0.718885884004,0.562034093567,19.124055373,-0.586131839246,-0.60483419777,-0.15825734576,Sr20R21_phi0_alpha0_U20_loc00_tr.dat,serrated,0,0,20,0,-612.681147038,0.545264698001,349.996898633,23.9699526978
64,39.0920245399,7.0,0.582219758725,0.493128813368,19.3058102723,-0.588274664555,-0.601355277195,-0.0934579789509,Sr20R21_phi0_alpha0_U20_loc00_tr.dat,serrated,0,0,20,0,-456.854364792,0.39681157579,367.496743565,24.1977629741
65,39.0920245399,7.33333333333,0.479117682053,0.435303835958,19.4380807976,-0.585875366779,-0.595660548904,-0.0523271268663,Sr20R21_phi0_alpha0_U20_loc00_tr.dat,serrated,0,0,20,0,-317.023596426,0.264747902353,384.996588497,24.3635498939
66,39.0920245399,7.66666666667,0.408362881554,0.383067096293,19.5263300984,-0.578536004306,-0.589768504285,-0.0285991578301,Sr20R21_phi0_alpha0_U20_loc00_tr.dat,serrated,0,0,20,0,-196.386180527,0.157621027871,402.496433428,24.4741609293
67,39.0920245399,8.0,0.366365466865,0.333893989864,19.578870441,-0.570981947141,-0.583220198889,-0.0155171848111,Sr20R21_phi0_alpha0_U20_loc00_tr.dat,serrated,0,0,20,0,-108.847547735,0.0887614851053,419.99627836,24.5400146147
68,39.0920245399,8.33333333333,0.341874180184,0.292353576605,19.6084576027,-0.562607829266,-0.576494276497,-0.00862211484234,Sr20R21_phi0_alpha0_U20_loc00_tr.dat,serrated,0,0,20,0,-56.3087760853,0.0515310438365,437.496123292,24.5770989492
69,39.0920245399,8.66666666667,0.325935097559,0.255592844072,19.6256346173,-0.55338671277,-0.573428001087,-0.00472297230564,Sr20R21_phi0_alpha0_U20_loc00_tr.dat,serrated,0,0,20,0,-27.0721175022,0.0303391863359,454.995968224,24.5986284951
70,39.0920245399,9.0,0.315022947749,0.224351854178,19.6357476794,-0.545176799317,-0.572269493041,-0.00240655126715,Sr20R21_phi0_alpha0_U20_loc00_tr.dat,serrated,0,0,20,0,-8.11056714939,0.0167403115917,472.495813155,24.611304134
71,39.0920245399,9.33333333333,0.306409868659,0.198514522946,19.6413277833,-0.540454164713,-0.571573480672,-0.00155974483156,Sr20R21_phi0_alpha0_U20_loc00_tr.dat,serrated,0,0,20,0,-0.157642057501,0.0138071751916,489.995658087,24.6182981959
72,39.0920245399,9.66666666667,0.297650897132,0.177073294724,19.645930175,-0.537173828688,-0.570561120367,-0.00118405930828,Sr20R21_phi0_alpha0_U20_loc00_tr.dat,serrated,0,0,20,0,0.484566552354,0.0147820170848,507.495503019,24.6240668004
73,39.0920245399,10.0,0.2903342302,0.159252707094,19.650857514,-0.531582687239,-0.570246520849,-0.000626270946381,Sr20R21_phi0_alpha0_U20_loc00_tr.dat,serrated,0,0,20,0,-0.470175323681,0.0143611189938,524.99534795,24.6302426915
74,39.0920245399,10.3333333333,0.285885972889,0.144523890227,19.6556445537,-0.524682799957,-0.572725461373,-0.000375322776043,Sr20R21_phi0_alpha0_U20_loc00_tr.dat,serrated,0,0,20,0,1.25903575976,0.0131292447431,542.495192882,24.6362427324
75,39.0920245399,10.6666666667,0.281945182498,0.133075387187,19.6600209686,-0.522915625103,-0.575871035384,-0.000496898880768,Sr20R21_phi0_alpha0_U20_loc00_tr.dat,serrated,0,0,20,0,1.50354164059,0.0135741473752,559.995037814,24.6417280992
76,39.0920245399,11.0,0.277716265245,0.124090668078,19.6645456844,-0.526283061801,-0.578160681566,-0.000524829738459,Sr20R21_phi0_alpha0_U20_loc00_tr.dat,serrated,0,0,20,0,-1.44334765461,0.0162086876687,577.494882745,24.6473993452
77,39.0920245399,11.3333333333,0.273720285915,0.11612645669,19.6699485803,-0.528177945569,-0.579911649166,-0.000475945985169,Sr20R21_phi0_alpha0_U20_loc00_tr.dat,serrated,0,0,20,0,-4.58904542647,0.0183295825986,594.994727677,24.6541712959
78,39.0920245399,11.6666666667,0.26999379638,0.108270179643,19.6760584412,-0.527791213179,-0.581850643413,-0.000472120979696,Sr20R21_phi0_alpha0_U20_loc00_tr.dat,serrated,0,0,20,0,-5.54648716107,0.0175763418472,612.494572609,24.6618293513
79,39.0920245399,12.0,0.266825269676,0.101057760186,19.6819172218,-0.52875028327,-0.584196519286,-0.000521527009424,Sr20R21_phi0_alpha0_U20_loc00_tr.dat,serrated,0,0,20,0,-4.46285497554,0.0155026809626,629.99441754,24.6691727045
80,39.0920245399,12.3333333333,0.264086344534,0.0948817137613,19.6870847821,-0.52770767363,-0.587347292819,-0.000632124180322,Sr20R21_phi0_alpha0_U20_loc00_tr.dat,serrated,0,0,20,0,-2.70135102733,0.0144330708607,647.494262472,24.6756496873
81,39.0920245399,12.6666666667,0.262026099445,0.0893745718267,19.6918958057,-0.523260145183,-0.59022386681,-0.000766272824796,Sr20R21_phi0_alpha0_U20_loc00_tr.dat,serrated,0,0,20,0,-1.8735188059,0.0137035042159,664.994107404,24.6816797895
82,39.0920245399,13.0,0.260451577443,0.0852073242611,19.6964636405,-0.519897047138,-0.591798063426,-0.000779210718035,Sr20R21_phi0_alpha0_U20_loc00_tr.dat,serrated,0,0,20,0,-1.95785267654,0.0130324820401,682.493952335,24.6874050805
83,39.0920245399,13.3333333333,0.259419950131,0.0812876350454,19.7008078011,-0.51613397974,-0.593729040656,-0.000787561276854,Sr20R21_phi0_alpha0_U20_loc00_tr.dat,serrated,0,0,20,0,-1.44665466578,0.0117964746505,699.993797267,24.6928500201
84,39.0920245399,13.6666666667,0.259149027925,0.0777891983781,19.7047399594,-0.509957263238,-0.59642778004,-0.000882193979208,Sr20R21_phi0_alpha0_U20_loc00_tr.dat,serrated,0,0,20,0,0.423807115668,0.00945356067063,717.493642199,24.6977785588
85,39.0920245399,14.0,0.259476724467,0.0751117032234,19.7078911463,-0.503725807194,-0.598535093278,-0.00089112073739,Sr20R21_phi0_alpha0_U20_loc00_tr.dat,serrated,0,0,20,0,3.35871668502,0.00858186257873,734.99348713,24.7017282336
86,39.0920245399,14.3333333333,0.260141410933,0.0725898004053,19.7107517671,-0.497234731811,-0.600206899061,-0.000694628714108,Sr20R21_phi0_alpha0_U20_loc00_tr.dat,serrated,0,0,20,0,4.02536835613,0.00926159128514,752.493332062,24.7053137151
87,39.0920245399,14.6666666667,0.260979960709,0.0698319890214,19.7138389642,-0.489881018691,-0.602724289038,-0.000670741057063,Sr20R21_phi0_alpha0_U20_loc00_tr.dat,serrated,0,0,20,0,1.56371041136,0.011313595937,769.993176994,24.7091831856
88,39.0920245399,15.0,0.261808155448,0.0677000016957,19.7176101629,-0.480934417452,-0.605631968834,-0.000845170199864,Sr20R21_phi0_alpha0_U20_loc00_tr.dat,serrated,0,0,20,0,-0.590335091367,0.011852703464,787.493021925,24.7139099787
89,39.0920245399,15.3333333333,0.262086038104,0.0665284226676,19.721561064,-0.473288637426,-0.607415422528,-0.000889019714529,Sr20R21_phi0_alpha0_U20_loc00_tr.dat,serrated,0,0,20,0,-0.580225091806,0.0115230052789,804.992866857,24.7188620097
90,39.0920245399,15.6666666667,0.262475858944,0.064927086315,19.7254020658,-0.465628668609,-0.609031354568,-0.000888863547412,Sr20R21_phi0_alpha0_U20_loc00_tr.dat,serrated,0,0,20,0,1.32449894504,0.0104835802177,822.492711789,24.7236762935
91,39.0920245399,16.3333333333,0.263992998365,0.0630772227415,19.7319349289,-0.456183972542,-0.612251478049,-0.00100156210135,Sr20R21_phi0_alpha0_U20_loc00_tr.dat,serrated,0,0,20,0,3.65557016325,0.0116534819655,857.492401652,24.7318645369
92,39.0920245399,16.6666666667,0.264835787298,0.0615622048997,19.7358194229,-0.45296706673,-0.613386685082,-0.00101677769225,Sr20R21_phi0_alpha0_U20_loc00_tr.dat,serrated,0,0,20,0,-2.12463309771,0.0169740565085,874.992246584,24.7367333336
93,39.0920245399,17.0,0.265404613206,0.0603963284909,19.7414774417,-0.448134151502,-0.614608636882,-0.00114431609967,Sr20R21_phi0_alpha0_U20_loc00_tr.dat,serrated,0,0,20,0,-6.32665910578,0.0170927775695,892.492091515,24.7438250535
94,39.0920245399,17.3333333333,0.265114680576,0.0611410307839,19.7471750343,-0.4462818797,-0.616016678359,-0.00108412119797,Sr20R21_phi0_alpha0_U20_loc00_tr.dat,serrated,0,0,20,0,-4.61961258013,0.013183328826,909.991936447,24.7509663747
95,39.0920245399,17.6666666667,0.263914631307,0.061045775256,19.7515694772,-0.446442828813,-0.618085304761,-0.00099691771114,Sr20R21_phi0_alpha0_U20_loc00_tr.dat,serrated,0,0,20,0,-2.68090640729,0.0144846465106,927.491781379,24.7564743377
96,39.0920245399,18.0,0.262360558717,0.0605217111075,19.7563976927,-0.445648714264,-0.619326622786,-0.00104087877162,Sr20R21_phi0_alpha0_U20_loc00_tr.dat,serrated,0,0,20,0,-5.29939216685,0.0160017214569,944.99162631,24.7625259881
97,39.0920245399,18.3333333333,0.261123297418,0.0597063596452,19.7617315998,-0.443400761675,-0.620383784042,-0.00121845411761,Sr20R21_phi0_alpha0_U20_loc00_tr.dat,serrated,0,0,20,0,-7.57647730925,0.0160482484244,962.491471242,24.7692114688
98,39.0920245399,18.6666666667,0.259710455343,0.0596108454485,19.767081016,-0.443333705738,-0.621494091634,-0.00130954520028,Sr20R21_phi0_alpha0_U20_loc00_tr.dat,serrated,0,0,20,0,-7.70822777413,0.015315578885,979.991316174,24.7759163883
99,39.0920245399,19.0,0.257422226375,0.0595070465738,19.772186209,-0.443897140194,-0.622724182251,-0.00124708342787,Sr20R21_phi0_alpha0_U20_loc00_tr.dat,serrated,0,0,20,0,-5.30414327278,0.0146382217097,997.491161105,24.7823152002
100,39.0920245399,19.3333333333,0.254883827581,0.0595767120809,19.7770656162,-0.442158073651,-0.62345548845,-0.00110853311642,Sr20R21_phi0_alpha0_U20_loc00_tr.dat,serrated,0,0,20,0,-3.7940483553,0.0153434527681,1014.99100604,24.788431014
101,39.0920245399,19.6666666667,0.253274140367,0.059170287217,19.7821801004,-0.439750533024,-0.623691849757,-0.00113670798727,Sr20R21_phi0_alpha0_U20_loc00_tr.dat,serrated,0,0,20,0,-3.43695628187,0.0151246843663,1032.49085097,24.7948414715
102,39.0920245399,20.3333333333,0.25355029718,0.059977693487,19.7897743517,-0.432816764358,-0.623917907204,-0.00137618138125,Sr20R21_phi0_alpha0_U20_loc00_tr.dat,serrated,0,0,20,0,-11.7959877283,0.0351278578524,1067.49054083,24.8043600512
103,19.0,0.361445783133,0.717564128438,0.269245643726,1.6881694682,0.0123442451386,-0.0320376143557,-0.0380854561754,Sr20R21_phi0_alpha0_U20_loc05_tr.dat,serrated,0,0,20,0.25,-16520.2036452,27.7366877046,16.7623260642,2.39534216277
104,19.0,0.722891566265,1.84375349123,0.869517366529,11.7134782771,0.0989410722963,-0.315340570061,-0.56687674673,Sr20R21_phi0_alpha0_U20_loc05_tr.dat,serrated,0,0,20,0.25,-11864.4694256,-4.13677409359,33.5246521284,16.6202439496
105,19.0,1.0843373494,1.61565869286,1.07104421612,10.2182587252,0.0472376319145,-0.425227017888,-1.05471023088,Sr20R21_phi0_alpha0_U20_loc05_tr.dat,serrated,0,0,20,0.25,560.060840877,2.93702585774,50.2869781926,14.4986782521
106,19.0,1.44578313253,1.66936668217,1.14613074426,11.2798343364,-0.00233513094099,-0.450154052372,-1.2657474118,Sr20R21_phi0_alpha0_U20_loc05_tr.dat,serrated,0,0,20,0.25,-1828.74052103,0.665949968455,67.0493042567,16.0049469464
107,19.0,1.80722891566,1.69809133581,1.20791951047,11.5205391443,-0.0394100852969,-0.489872289082,-1.55662560291,Sr20R21_phi0_alpha0_U20_loc05_tr.dat,serrated,0,0,20,0.25,-1087.55802103,1.48240778884,83.8116303209,16.346482785
108,19.0,2.1686746988,1.7601425764,1.22966363444,12.0563491885,-0.0617883161288,-0.523822661876,-1.76974328923,Sr20R21_phi0_alpha0_U20_loc05_tr.dat,serrated,0,0,20,0.25,-1413.29316563,1.33445625159,100.573956385,17.106743182
109,19.0,2.53012048193,1.80212732413,1.24163545776,12.5386827734,-0.0772079708866,-0.564433810389,-1.92899575103,Sr20R21_phi0_alpha0_U20_loc05_tr.dat,serrated,0,0,20,0.25,-1396.78818532,1.46439421189,117.336282449,17.7911258783
110,19.0,2.89156626506,1.8132088359,1.2339802092,13.0679818861,-0.0922877866729,-0.608927166136,-1.93637568127,Sr20R21_phi0_alpha0_U20_loc05_tr.dat,serrated,0,0,20,0.25,-1475.8023989,1.49963000563,134.098608513,18.5421479204
111,19.0,3.25301204819,1.78795082071,1.20671830917,13.6100168279,-0.11015559368,-0.652683867679,-1.81190370849,Sr20R21_phi0_alpha0_U20_loc05_tr.dat,serrated,0,0,20,0.25,-1529.91707938,1.55890705875,150.860934578,19.3112408191
112,19.0,3.61445783133,1.75564973711,1.1784989535,14.1734772106,-0.110178411283,-0.689842798271,-1.68188269518,Sr20R21_phi0_alpha0_U20_loc05_tr.dat,serrated,0,0,20,0.25,-1553.05631267,1.54611750564,167.623260642,20.1107342569
113,19.0,3.97590361446,1.71286118226,1.15187413048,14.7323148632,-0.112610344932,-0.716980549556,-1.54119304461,Sr20R21_phi0_alpha0_U20_loc05_tr.dat,serrated,0,0,20,0.25,-1517.48261357,1.49171941807,184.385586706,20.9036685071
114,19.0,4.33734939759,1.65859734902,1.1152604505,15.2714905565,-0.126708301786,-0.743195196353,-1.37658657127,Sr20R21_phi0_alpha0_U20_loc05_tr.dat,serrated,0,0,20,0.25,-1459.43140092,1.44175562301,201.14791277,21.6687044206
115,19.0,4.69879518072,1.60008174792,1.05966374888,15.7926070467,-0.131959020978,-0.764967495777,-1.19276135019,Sr20R21_phi0_alpha0_U20_loc05_tr.dat,serrated,0,0,20,0.25,-1385.24527614,1.35671184104,217.910238834,22.4081161469
116,19.0,5.06024096386,1.5422216738,1.01508474377,16.2829848206,-0.134190793489,-0.775068692762,-1.06394109629,Sr20R21_phi0_alpha0_U20_loc05_tr.dat,serrated,0,0,20,0.25,-1329.22307552,1.35253469941,234.672564899,23.1039127358
117,19.0,5.42168674699,1.44849614774,0.962870730226,16.7718527843,-0.146563497655,-0.791068082796,-0.908035582715,Sr20R21_phi0_alpha0_U20_loc05_tr.dat,serrated,0,0,20,0.25,-1304.67434023,1.30262642066,251.434890963,23.7975670563
118,19.0,5.78313253012,1.34022602816,0.899993859324,17.242681611,-0.15233242779,-0.806773440682,-0.739250152816,Sr20R21_phi0_alpha0_U20_loc05_tr.dat,serrated,0,0,20,0.25,-1237.81018135,1.2187210238,268.197217027,24.4656256614
119,19.0,6.14457831325,1.21717087114,0.827819201304,17.6831831859,-0.155768593062,-0.819935571503,-0.574438221953,Sr20R21_phi0_alpha0_U20_loc05_tr.dat,serrated,0,0,20,0.25,-1156.70205723,1.13467640825,284.959543091,25.0906529557
120,19.0,6.50602409639,1.07377327945,0.750161026593,18.0933071889,-0.167354399726,-0.831901047856,-0.424170377106,Sr20R21_phi0_alpha0_U20_loc05_tr.dat,serrated,0,0,20,0.25,-1059.62114522,1.02466387121,301.721869155,25.6725775402
121,19.0,6.86746987952,0.923237971348,0.671482489848,18.4636676242,-0.181169708357,-0.841842816819,-0.300554205619,Sr20R21_phi0_alpha0_U20_loc05_tr.dat,serrated,0,0,20,0.25,-929.79279513,0.880083688009,318.48419522,26.1980816338
122,19.0,7.22891566265,0.77060506729,0.592461962742,18.7817701621,-0.184506075509,-0.849683062219,-0.194815192943,Sr20R21_phi0_alpha0_U20_loc05_tr.dat,serrated,0,0,20,0.25,-768.648968403,0.705747693908,335.246521284,26.6494370429
123,19.0,7.59036144578,0.611968375925,0.517684684128,19.03685969,-0.18816916134,-0.85351166343,-0.113841191125,Sr20R21_phi0_alpha0_U20_loc05_tr.dat,serrated,0,0,20,0.25,-588.929884448,0.522275609262,352.008847348,27.0113833481
124,19.0,7.95180722892,0.472053051601,0.448594679915,19.2256340066,-0.189479088041,-0.855036979889,-0.0596872653166,Sr20R21_phi0_alpha0_U20_loc05_tr.dat,serrated,0,0,20,0.25,-412.48763135,0.352142509551,368.771173412,27.2792350587
125,19.0,8.31325301205,0.377406888647,0.384523376627,19.3529144317,-0.192015334411,-0.856174474723,-0.0278392737055,Sr20R21_phi0_alpha0_U20_loc05_tr.dat,serrated,0,0,20,0.25,-258.929155371,0.213427438837,385.533499476,27.4598331411
126,19.0,8.67469879518,0.323331094116,0.330734604096,19.4300568795,-0.194261229873,-0.854879218541,-0.0134965449411,Sr20R21_phi0_alpha0_U20_loc05_tr.dat,serrated,0,0,20,0.25,-140.475075912,0.117820772943,402.29582554,27.5692904919
127,19.0,9.03614457831,0.292982440754,0.28540430904,19.472642701,-0.192972967341,-0.854026813941,-0.007224992123,Sr20R21_phi0_alpha0_U20_loc05_tr.dat,serrated,0,0,20,0.25,-67.5666294048,0.0682394588725,419.058151605,27.6297154764
128,19.0,9.39759036145,0.270255346941,0.247303201878,19.4973075657,-0.189852262883,-0.854278434688,-0.0039107653023,Sr20R21_phi0_alpha0_U20_loc05_tr.dat,serrated,0,0,20,0.25,-28.1282564493,0.0418526366811,435.820477669,27.664712431
129,19.0,9.75903614458,0.251519607671,0.215968263782,19.5124350247,-0.185905296548,-0.856547103069,-0.00187349030452,Sr20R21_phi0_alpha0_U20_loc05_tr.dat,serrated,0,0,20,0.25,-11.15082859,0.0326115431099,452.582803733,27.6861767692
130,19.0,10.1204819277,0.23699741611,0.189998735446,19.5242223295,-0.181010396411,-0.859999603235,-0.000789682763434,Sr20R21_phi0_alpha0_U20_loc05_tr.dat,serrated,0,0,20,0.25,-5.94061937871,0.032190644985,469.345129797,27.7029017655
131,19.0,10.4819277108,0.225888163902,0.168478707825,19.5358575024,-0.176834291369,-0.863809568763,-0.00021531832052,Sr20R21_phi0_alpha0_U20_loc05_tr.dat,serrated,0,0,20,0.25,-3.48634514716,0.0304158216289,486.107455861,27.719410902
132,19.0,10.843373494,0.217809031178,0.151496919417,19.5468511728,-0.176882555499,-0.868298035006,-0.00012565010639,Sr20R21_phi0_alpha0_U20_loc05_tr.dat,serrated,0,0,20,0.25,-1.55302689918,0.0302635790523,502.869781926,27.7350098113
133,19.0,11.2048192771,0.211955369642,0.137886097393,19.5577898159,-0.18200515276,-0.87290696514,1.9798125034e-05,Sr20R21_phi0_alpha0_U20_loc05_tr.dat,serrated,0,0,20,0.25,-2.58948925778,0.0320872830505,519.63210799,27.7505306422
134,19.0,11.5662650602,0.207810885919,0.126684454535,19.569387629,-0.189605194352,-0.877275997456,0.000155809897993,Sr20R21_phi0_alpha0_U20_loc05_tr.dat,serrated,0,0,20,0.25,-3.88445624182,0.0330240461642,536.394434054,27.766986769
135,19.0,11.9277108434,0.20512725954,0.117986148819,19.5813240312,-0.195313564347,-0.880723846705,0.000243041670017,Sr20R21_phi0_alpha0_U20_loc05_tr.dat,serrated,0,0,20,0.25,-1.88558506878,0.0311074669121,553.156760118,27.7839233195
136,19.0,12.2891566265,0.203110939821,0.110373013254,19.592567694,-0.199207436594,-0.884130814526,0.000225388894813,Sr20R21_phi0_alpha0_U20_loc05_tr.dat,serrated,0,0,20,0.25,0.438915311994,0.0296992767242,569.919086182,27.7998769426
137,19.0,12.6506024096,0.201393180794,0.103845238227,19.6033023723,-0.199812648743,-0.888249959706,0.000152346957639,Sr20R21_phi0_alpha0_U20_loc05_tr.dat,serrated,0,0,20,0.25,2.08138354677,0.0283154072523,586.681412247,27.8151083682
138,19.0,13.0120481928,0.199664683969,0.0978667494049,19.6135368569,-0.193982527659,-0.892838936418,4.89208627115e-05,Sr20R21_phi0_alpha0_U20_loc05_tr.dat,serrated,0,0,20,0.25,4.09926449015,0.0246162418463,603.443738311,27.8296300693
139,19.0,13.3734939759,0.197778642567,0.0922793301558,19.6224342937,-0.184895916091,-0.897970803515,-0.000173464511538,Sr20R21_phi0_alpha0_U20_loc05_tr.dat,serrated,0,0,20,0.25,8.89584652746,0.0166749517921,620.206064375,27.8422546345
140,19.0,13.734939759,0.19543107636,0.0879063855553,19.6284613847,-0.1747862643,-0.902019052523,-0.000266465074162,Sr20R21_phi0_alpha0_U20_loc05_tr.dat,serrated,0,0,20,0.25,13.8179686301,0.0142210467823,636.968390439,27.8508064686
141,19.0,14.0963855422,0.193150803643,0.0844879725978,19.6336015221,-0.165853110414,-0.905513378522,-0.000205880156859,Sr20R21_phi0_alpha0_U20_loc05_tr.dat,serrated,0,0,20,0.25,12.0172221114,0.0200057109551,653.730716503,27.8580998049
142,19.0,14.4578313253,0.191599978706,0.0816032768279,19.6408325019,-0.158213577345,-0.909372248317,-0.000152718469133,Sr20R21_phi0_alpha0_U20_loc05_tr.dat,serrated,0,0,20,0.25,8.01925394527,0.0213968027402,670.493042567,27.8683598359
143,19.0,14.8192771084,0.190990092319,0.0789835812405,19.6485662861,-0.152762169831,-0.912853429364,-0.000151341370913,Sr20R21_phi0_alpha0_U20_loc05_tr.dat,serrated,0,0,20,0.25,4.1736132716,0.0279876004343,687.255368632,27.8793332953
144,19.0,15.1807228916,0.190928616619,0.0767781781379,19.6586822862,-0.151412664357,-0.915620894288,-0.000178510933564,Sr20R21_phi0_alpha0_U20_loc05_tr.dat,serrated,0,0,20,0.25,-1.80946000836,0.035109100354,704.017694696,27.893686879
145,19.0,15.5421686747,0.190434483593,0.0743614947135,19.6713723225,-0.155052786779,-0.91834975088,-0.000227026226452,Sr20R21_phi0_alpha0_U20_loc05_tr.dat,serrated,0,0,20,0.25,-6.55468117378,0.0374460380864,720.78002076,27.9116927602
146,19.0,15.9036144578,0.190059567916,0.072571203878,19.6849070351,-0.161500508034,-0.920968017451,-0.000281717454185,Sr20R21_phi0_alpha0_U20_loc05_tr.dat,serrated,0,0,20,0.25,-6.90627137141,0.0356988589461,737.542346824,27.9308971519
147,19.0,16.265060241,0.190355887361,0.0714585989949,19.6978102371,-0.170571602857,-0.923610682078,-0.000283825775416,Sr20R21_phi0_alpha0_U20_loc05_tr.dat,serrated,0,0,20,0.25,-4.49255818668,0.0334534563498,754.304672888,27.9492054938
148,19.0,16.6265060241,0.190611455104,0.0701841826486,19.7099018478,-0.179266616862,-0.926234352419,-0.000395719030849,Sr20R21_phi0_alpha0_U20_loc05_tr.dat,serrated,0,0,20,0.25,-2.99645489544,0.0331107691374,771.066998953,27.9663622695
149,19.0,16.9879518072,0.190463378569,0.0693716326907,19.7218695957,-0.184088437827,-0.92786932483,-0.00044584555334,Sr20R21_phi0_alpha0_U20_loc05_tr.dat,serrated,0,0,20,0.25,-1.58900218713,0.0317859701176,787.829325017,27.9833432964
150,19.0,17.3493975904,0.190268662515,0.0686604086585,19.7333585006,-0.182728615814,-0.929205982327,-0.000385372973239,Sr20R21_phi0_alpha0_U20_loc05_tr.dat,serrated,0,0,20,0.25,1.88874365415,0.0263233637629,804.591651081,27.9996448933
151,19.0,17.7108433735,0.190101360327,0.0677742858766,19.7428729694,-0.17763786924,-0.930888940283,-0.000311204105446,Sr20R21_phi0_alpha0_U20_loc05_tr.dat,serrated,0,0,20,0.25,8.04551764805,0.0191541720847,821.353977145,28.0131449647
152,19.0,18.0722891566,0.190193441367,0.0675993498553,19.7497961641,-0.171465188399,-0.932790375198,-0.000405597459967,Sr20R21_phi0_alpha0_U20_loc05_tr.dat,serrated,0,0,20,0.25,11.5405339547,0.0163618465107,838.116303209,28.0229682796
153,19.0,18.4337349398,0.1905639916,0.0679393449994,19.7557100845,-0.162024839666,-0.934099734508,-0.000489433948802,Sr20R21_phi0_alpha0_U20_loc05_tr.dat,serrated,0,0,20,0.25,12.0351993624,0.0157938805535,854.878629273,28.031359536
154,19.0,18.7951807229,0.190697427596,0.0670591927639,19.7614187161,-0.150279760531,-0.935773497932,-0.000465407815462,Sr20R21_phi0_alpha0_U20_loc05_tr.dat,serrated,0,0,20,0.25,9.80027094578,0.0192891544566,871.640955338,28.0394595083
155,19.0,19.156626506,0.191017029003,0.0666043673242,19.7683906996,-0.140697939025,-0.938114940799,-0.000379034936436,Sr20R21_phi0_alpha0_U20_loc05_tr.dat,serrated,0,0,20,0.25,4.42159983366,0.0238545265582,888.403281402,28.0493520495
156,19.0,19.5180722892,0.19174313103,0.0664966269286,19.7770128176,-0.134332777353,-0.939826714526,-0.000363956665988,Sr20R21_phi0_alpha0_U20_loc05_tr.dat,serrated,0,0,20,0.25,2.0462705796,0.0247940553011,905.165607466,28.0615859652
157,19.0,19.8795180723,0.192064913595,0.0666294274767,19.7859745244,-0.132164476391,-0.940472886405,-0.00055075470796,Sr20R21_phi0_alpha0_U20_loc05_tr.dat,serrated,0,0,20,0.25,1.22940811126,0.0300410876806,921.92793353,28.0743017229
158,19.0,20.2409638554,0.192010808437,0.0662346144964,19.7968327488,-0.135734773056,-0.940904814007,-0.000657458291471,Sr20R21_phi0_alpha0_U20_loc05_tr.dat,serrated,0,0,20,0.25,-0.341726120051,0.0327820754247,938.690259594,28.089708448
159,19.0,20.6024096386,0.191074083065,0.0660739142669,19.8086816918,-0.143263805885,-0.941269153107,-0.000598520458586,Sr20R21_phi0_alpha0_U20_loc05_tr.dat,serrated,0,0,20,0.25,-1.49800250396,0.0338737678312,955.452585659,28.1065209026
160,19.0,20.9638554217,0.189873590933,0.066875045801,19.8209252223,-0.15049233193,-0.940757772721,-0.00052192378712,Sr20R21_phi0_alpha0_U20_loc05_tr.dat,serrated,0,0,20,0.25,-1.00806085271,0.0334100656905,972.214911723,28.1238932372
161,19.0,21.3253012048,0.189406644067,0.0673552814555,19.8330011497,-0.158941628157,-0.939903703028,-0.000559479904908,Sr20R21_phi0_alpha0_U20_loc05_tr.dat,serrated,0,0,20,0.25,-5.19024847235,0.0420153811379,988.977237787,28.1410277599
162,-1.08074534161,1.42682926829,2.00901832924,0.842471541399,9.73357315585,0.0119094516874,0.862265437077,-2.12045882544,Sr20R21_phi0_alpha0_U20_loc10_tr.dat,serrated,0,0,20,0.5,-1739.83803314,1.78118742663,50.3304130824,18.1575166638
163,-1.08074534161,1.90243902439,1.99976778717,0.852364816957,10.5807232734,0.00982241750324,1.00614356653,-2.10304214449,Sr20R21_phi0_alpha0_U20_loc10_tr.dat,serrated,0,0,20,0.5,-1750.57011158,1.79266463385,67.1072174432,19.7378348193
164,-1.08074534161,2.37804878049,1.97606896168,0.852646059877,11.4333320627,0.0359683838187,1.14065147355,-2.05521869211,Sr20R21_phi0_alpha0_U20_loc10_tr.dat,serrated,0,0,20,0.5,-1734.13312556,1.73661374717,83.8840218039,21.3283358667
165,-1.08074534161,2.85365853659,1.96063811976,0.852058643263,12.2592825034,0.0279045798087,1.2666946895,-2.02650245175,Sr20R21_phi0_alpha0_U20_loc10_tr.dat,serrated,0,0,20,0.5,-1670.58742757,1.67174820873,100.660826165,22.8691070358
166,-1.08074534161,3.32926829268,1.92614879457,0.844178882037,13.0543822612,-0.00115312424509,1.39006196138,-1.92768730836,Sr20R21_phi0_alpha0_U20_loc10_tr.dat,serrated,0,0,20,0.5,-1620.77211366,1.6468819724,117.437630526,24.3523277267
167,-1.08074534161,3.80487804878,1.85446609813,0.833877186794,13.8376553944,0.00054485515618,1.51984837623,-1.7280852382,Sr20R21_phi0_alpha0_U20_loc10_tr.dat,serrated,0,0,20,0.5,-1596.40736204,1.61515830443,134.214434886,25.8134864134
168,-1.08074534161,4.28048780488,1.76721343007,0.817082390168,14.6058404416,0.0110691749698,1.64781282226,-1.51983333791,Sr20R21_phi0_alpha0_U20_loc10_tr.dat,serrated,0,0,20,0.5,-1594.31650353,1.62002815534,150.991239247,27.2464989949
169,-1.08074534161,4.75609756098,1.66433139865,0.791998876171,15.3763416375,0.00586650185378,1.76643728464,-1.29551501525,Sr20R21_phi0_alpha0_U20_loc10_tr.dat,serrated,0,0,20,0.5,-1563.78409736,1.55739708792,167.768043608,28.6838322413
170,-1.08074534161,5.23170731707,1.55273942344,0.756259141668,16.1170548866,-0.0100171641823,1.88131935385,-1.08358181886,Sr20R21_phi0_alpha0_U20_loc10_tr.dat,serrated,0,0,20,0.5,-1473.23921513,1.45829508566,184.544847969,30.0655974933
171,-1.08074534161,5.70731707317,1.4311519294,0.718705165905,16.8106342566,-0.00674516225135,1.99403697435,-0.884810898746,Sr20R21_phi0_alpha0_U20_loc10_tr.dat,serrated,0,0,20,0.5,-1376.73292886,1.36381192277,201.321652329,31.3594367409
172,-1.08074534161,6.18292682927,1.27818214337,0.668870514566,17.4592765126,-0.00346833565887,2.10641332066,-0.672745524346,Sr20R21_phi0_alpha0_U20_loc10_tr.dat,serrated,0,0,20,0.5,-1271.24768453,1.23907896595,218.09845669,32.5694479446
173,-1.08074534161,6.65853658537,1.1066498999,0.606673712032,18.0485945573,-0.0133041674633,2.21047057288,-0.472530726886,Sr20R21_phi0_alpha0_U20_loc10_tr.dat,serrated,0,0,20,0.5,-1122.82694172,1.08155629879,234.875261051,33.6687926608
174,-1.08074534161,7.13414634146,0.898200219376,0.539476895472,18.5629932848,-0.0273068685277,2.30380611315,-0.278693752339,Sr20R21_phi0_alpha0_U20_loc10_tr.dat,serrated,0,0,20,0.5,-932.784590304,0.855639661811,251.652065412,34.6283789624
175,-1.08074534161,7.60975609756,0.683671015373,0.472345263266,18.9699438557,-0.0402074193294,2.38985678718,-0.135161996028,Sr20R21_phi0_alpha0_U20_loc10_tr.dat,serrated,0,0,20,0.5,-672.880533269,0.565420701146,268.428869773,35.3875258506
176,-1.08074534161,8.08536585366,0.515196235436,0.401341402293,19.2388634574,-0.0534609071178,2.45316086638,-0.0557142367135,Sr20R21_phi0_alpha0_U20_loc10_tr.dat,serrated,0,0,20,0.5,-399.238515406,0.311825933966,285.205674133,35.8891825466
177,-1.08074534161,8.56097560976,0.420998101588,0.331979912658,19.3871709138,-0.0624548328641,2.50169044329,-0.0280004681522,Sr20R21_phi0_alpha0_U20_loc10_tr.dat,serrated,0,0,20,0.5,-197.990970995,0.172344275668,301.982478494,36.1658430358
178,-1.08074534161,9.03658536585,0.372114629725,0.271093948598,19.4691395328,-0.0605569532613,2.53777984894,-0.0215325663859,Sr20R21_phi0_alpha0_U20_loc10_tr.dat,serrated,0,0,20,0.5,-87.3136697055,0.106275288649,318.759282855,36.3187515865
179,-1.08074534161,9.51219512195,0.346595488864,0.221684990162,19.5196850969,-0.054495259094,2.56170147599,-0.0210657865817,Sr20R21_phi0_alpha0_U20_loc10_tr.dat,serrated,0,0,20,0.5,-31.8072276306,0.0637632103865,335.536087216,36.4130419265
180,-1.08074534161,9.98780487805,0.332185851438,0.184442206981,19.5500115018,-0.0508594268953,2.58411067128,-0.0221022019847,Sr20R21_phi0_alpha0_U20_loc10_tr.dat,serrated,0,0,20,0.5,-5.48099180414,0.0509709030308,352.312891577,36.4696143891
181,-1.08074534161,10.4634146341,0.3219068564,0.157153236436,19.5742537606,-0.0553335637026,2.60415519304,-0.0225035387578,Sr20R21_phi0_alpha0_U20_loc10_tr.dat,serrated,0,0,20,0.5,0.919496303971,0.046998244968,369.089695937,36.514837167
182,-1.08074534161,10.9390243902,0.314755401221,0.135470005024,19.5966065844,-0.0568557780785,2.62304176845,-0.0227738165628,Sr20R21_phi0_alpha0_U20_loc10_tr.dat,serrated,0,0,20,0.5,0.318161032395,0.05048625761,385.866500298,36.5565352942
183,-1.08074534161,11.4146341463,0.309398776404,0.120080062187,19.6206183411,-0.053623501922,2.64011621147,-0.0226437291375,Sr20R21_phi0_alpha0_U20_loc10_tr.dat,serrated,0,0,20,0.5,-0.92624002576,0.0450187021893,402.643304659,36.6013280814
184,-1.08074534161,11.8902439024,0.306779829095,0.108807233459,19.642029675,-0.057939207061,2.65755569326,-0.0228063425302,Sr20R21_phi0_alpha0_U20_loc10_tr.dat,serrated,0,0,20,0.5,2.97068661126,0.0433337858608,419.42010902,36.6412699042
185,-1.08074534161,12.3658536585,0.304617877677,0.0995046221346,19.6626396464,-0.0555015139769,2.67471017466,-0.0229193519795,Sr20R21_phi0_alpha0_U20_loc10_tr.dat,serrated,0,0,20,0.5,2.08230631217,0.0437699025059,436.196913381,36.6797168231
186,-1.08074534161,12.8414634146,0.302637435565,0.092682820589,19.683457039,-0.0580450972688,2.68963866297,-0.0229578034195,Sr20R21_phi0_alpha0_U20_loc10_tr.dat,serrated,0,0,20,0.5,1.26462536005,0.0404385892984,452.973717741,36.7185506766
187,-1.08074534161,13.3170731707,0.302373746867,0.0874555909835,19.7026900266,-0.0573173010317,2.70565502435,-0.0231937049124,Sr20R21_phi0_alpha0_U20_loc10_tr.dat,serrated,0,0,20,0.5,0.782338044647,0.0420244497867,469.750522102,36.754428898
188,-1.08074534161,13.7926829268,0.302280093614,0.0824274108544,19.7226772649,-0.0618559917355,2.72073671701,-0.0234268460294,Sr20R21_phi0_alpha0_U20_loc10_tr.dat,serrated,0,0,20,0.5,-0.516437964731,0.0391333389298,486.527326463,36.7917141381
189,-1.08074534161,14.2682926829,0.301844316149,0.0791603361908,19.7412894627,-0.0623747516572,2.73681929263,-0.0235630554857,Sr20R21_phi0_alpha0_U20_loc10_tr.dat,serrated,0,0,20,0.5,0.0479210076444,0.0397305869969,503.304130824,36.8264343057
190,-1.08074534161,14.743902439,0.302085809458,0.0764638731212,19.7601857175,-0.0641006557078,2.75251587734,-0.0236926160586,Sr20R21_phi0_alpha0_U20_loc10_tr.dat,serrated,0,0,20,0.5,-0.45973555538,0.0376408917072,520.080935184,36.8616843681
191,-1.08074534161,15.2195121951,0.301863093066,0.0738045866468,19.7780880928,-0.0673362223483,2.76674453399,-0.0236060447508,Sr20R21_phi0_alpha0_U20_loc10_tr.dat,serrated,0,0,20,0.5,0.454869282126,0.0369963575057,536.857739545,36.8950803958
192,-1.08074534161,15.6951219512,0.301442117079,0.0720234400841,19.7956839214,-0.0688111880097,2.78116430564,-0.0235199831971,Sr20R21_phi0_alpha0_U20_loc10_tr.dat,serrated,0,0,20,0.5,-1.8417989876,0.0357209693291,553.634543906,36.9279045751
193,-1.08074534161,16.1707317073,0.302130911168,0.0708978513219,19.8126731629,-0.0717023337634,2.79505114832,-0.0237400631299,Sr20R21_phi0_alpha0_U20_loc10_tr.dat,serrated,0,0,20,0.5,-0.687187661637,0.0334248697044,570.411348267,36.9595971952
194,-1.08074534161,16.6463414634,0.302245737249,0.0700362475247,19.828570357,-0.0719336981481,2.81013040832,-0.0238619387783,Sr20R21_phi0_alpha0_U20_loc10_tr.dat,serrated,0,0,20,0.5,0.00734835563951,0.0317550487072,587.188152628,36.9892526529
195,-1.08074534161,17.1219512195,0.301792946943,0.068688737216,19.843673368,-0.0775909971844,2.82421222355,-0.0239004584478,Sr20R21_phi0_alpha0_U20_loc10_tr.dat,serrated,0,0,20,0.5,0.843614877655,0.0308804455653,603.964956988,37.0174265998
196,-1.08074534161,17.5975609756,0.301339769952,0.0679599215078,19.8583604092,-0.0809165691882,2.83879683831,-0.0238997518411,Sr20R21_phi0_alpha0_U20_loc10_tr.dat,serrated,0,0,20,0.5,1.00756816558,0.033344599148,620.741761349,37.0448245749
197,-1.08074534161,18.0731707317,0.301250405958,0.0671826959608,19.8742194258,-0.0867725567447,2.85249710613,-0.0237833270745,Sr20R21_phi0_alpha0_U20_loc10_tr.dat,serrated,0,0,20,0.5,0.315113503142,0.0274708119597,637.51856571,37.0744088144
198,-1.08074534161,18.5487804878,0.302241361602,0.0679360460215,19.887284812,-0.090970244391,2.86550261297,-0.0237954729264,Sr20R21_phi0_alpha0_U20_loc10_tr.dat,serrated,0,0,20,0.5,2.5778871401,0.0265447609682,654.295370071,37.0987816694
199,-1.08074534161,19.0243902439,0.302390495268,0.0677047028427,19.8999097593,-0.0943792106265,2.87957104387,-0.0238997680639,Sr20R21_phi0_alpha0_U20_loc10_tr.dat,serrated,0,0,20,0.5,1.28625018579,0.0297874689538,671.072174432,37.1223329067
200,-1.08074534161,19.5,0.302829494477,0.0672661804987,19.9140769702,-0.0955943424785,2.89336081214,-0.0240687797914,Sr20R21_phi0_alpha0_U20_loc10_tr.dat,serrated,0,0,20,0.5,0.364172218741,0.0291710719205,687.848978792,37.1487611631
201,-1.08074534161,19.9756097561,0.303307976756,0.0672981380868,19.9279510166,-0.100151717859,2.90810249811,-0.0241710956526,Sr20R21_phi0_alpha0_U20_loc10_tr.dat,serrated,0,0,20,0.5,3.51707170424,0.0205529103444,704.625783153,37.1746425352
202,-1.08074534161,20.4512195122,0.302551585606,0.0675377388794,19.9377261812,-0.10522643947,2.92139965843,-0.0238822252628,Sr20R21_phi0_alpha0_U20_loc10_tr.dat,serrated,0,0,20,0.5,12.4777661661,0.0118176085454,721.402587514,37.1928776388
203,-1.08074534161,23.3048780488,0.000428720857322,0.000100445771203,0.0288221493378,-0.00022024825736,0.00445505812066,-3.40995508391e-05,Sr20R21_phi0_alpha0_U20_loc10_tr.dat,serrated,0,0,20,0.5,-1743.73515537,0.0190757011811,822.063413679,0.0537663454631
204,-1.08074534161,1.42682926829,2.00583901941,0.829451744934,8.91962347583,0.0202372237622,0.722088575786,-2.04303536073,Sr20R21_phi0_alpha0_U20_loc10_tr.dat,serrated,0,0,20,0.5,-2031.56950455,1.77562456361,50.3239137076,16.6412812993
205,-1.08074534161,1.90243902439,2.00997253423,0.843011416016,9.76412784145,0.0109549779814,0.876013031612,-2.12583985629,Sr20R21_phi0_alpha0_U20_loc10_tr.dat,serrated,0,0,20,0.5,-1757.33769796,1.78967987199,67.0985516101,18.2168673926
206,-1.08074534161,2.37804878049,2.00240765165,0.853160864903,10.6153170489,0.00825220315654,1.01984134759,-2.11250853432,Sr20R21_phi0_alpha0_U20_loc10_tr.dat,serrated,0,0,20,0.5,-1754.10945186,1.79247753678,83.8731895126,19.8049253502
207,-1.08074534161,2.85365853659,1.97512560542,0.853280296886,11.4678368529,0.0356283137549,1.15300259027,-2.05348039692,Sr20R21_phi0_alpha0_U20_loc10_tr.dat,serrated,0,0,20,0.5,-1729.54989288,1.73055904527,100.647827415,21.395465793
208,-1.08074534161,3.32926829268,1.96366800513,0.848994298876,12.2909076184,0.0269273910883,1.27939992139,-2.03873665367,Sr20R21_phi0_alpha0_U20_loc10_tr.dat,serrated,0,0,20,0.5,-1661.3926012,1.66615718167,117.422465318,22.9310633632
209,-1.08074534161,3.80487804878,1.92486702168,0.842437996469,13.0833482292,-0.00513144482565,1.40334985526,-1.91981797119,Sr20R21_phi0_alpha0_U20_loc10_tr.dat,serrated,0,0,20,0.5,-1616.15972492,1.6472170113,134.19710322,24.4095144607
210,-1.08074534161,4.28048780488,1.85188127901,0.834291325058,13.8667807101,-0.00261810264444,1.53282168661,-1.72151770824,Sr20R21_phi0_alpha0_U20_loc10_tr.dat,serrated,0,0,20,0.5,-1597.04555922,1.61600507191,150.971741123,25.8711591513
211,-1.08074534161,4.75609756098,1.76258747642,0.816956321993,14.6353684883,0.00797697269707,1.65852795216,-1.50779640956,Sr20R21_phi0_alpha0_U20_loc10_tr.dat,serrated,0,0,20,0.5,-1594.20314273,1.61556969972,167.746379025,27.3051081799
212,-1.08074534161,5.23170731707,1.6601043435,0.790819180179,15.4037491991,0.0020509271174,1.77777191478,-1.28770288742,Sr20R21_phi0_alpha0_U20_loc10_tr.dat,serrated,0,0,20,0.5,-1561.451094,1.55583246192,184.521016928,28.7386708845
213,-1.08074534161,5.70731707317,1.5471962662,0.755382387126,16.1437182968,-0.00967394671034,1.89259228769,-1.07473107085,Sr20R21_phi0_alpha0_U20_loc10_tr.dat,serrated,0,0,20,0.5,-1471.76876057,1.45353609541,201.29565483,30.1192262343
214,-1.08074534161,6.18292682927,1.42562086884,0.717373590847,16.8350342447,-0.00541147125526,2.00561462408,-0.878257431497,Sr20R21_phi0_alpha0_U20_loc10_tr.dat,serrated,0,0,20,0.5,-1373.23579357,1.35952573982,218.070292733,31.4090097308
215,-1.08074534161,6.65853658537,1.27238918062,0.666853087763,17.4816379502,-0.0047254158436,2.11729140488,-0.66552394226,Sr20R21_phi0_alpha0_U20_loc10_tr.dat,serrated,0,0,20,0.5,-1267.33543673,1.23550425182,234.844930635,32.6153738988
216,-1.08074534161,7.13414634146,1.0993266375,0.604341991629,18.069255826,-0.0150221429105,2.22106138936,-0.465140015767,Sr20R21_phi0_alpha0_U20_loc10_tr.dat,serrated,0,0,20,0.5,-1115.83246907,1.07136482857,251.619568538,33.7116886026
217,-1.08074534161,7.60975609756,0.890883824627,0.536098444014,18.5788073909,-0.0291836081145,2.31382613247,-0.273510260813,Sr20R21_phi0_alpha0_U20_loc10_tr.dat,serrated,0,0,20,0.5,-921.98023271,0.845248715678,268.39420644,34.6623555169
218,-1.08074534161,8.08536585366,0.675249601985,0.468927180069,18.9808159264,-0.0415434582378,2.3988578163,-0.13046536896,Sr20R21_phi0_alpha0_U20_loc10_tr.dat,serrated,0,0,20,0.5,-661.745074815,0.553314132195,285.168844343,35.4123801274
219,-1.08074534161,8.56097560976,0.509135823029,0.397838242649,19.2439775258,-0.0538170058527,2.46070390248,-0.0533156297869,Sr20R21_phi0_alpha0_U20_loc10_tr.dat,serrated,0,0,20,0.5,-388.572849673,0.303382990376,301.943482245,35.9033589469
220,-1.08074534161,9.03658536585,0.41769671504,0.328895049814,19.3882694359,-0.0620028833588,2.50886308046,-0.0271722975988,Sr20R21_phi0_alpha0_U20_loc10_tr.dat,serrated,0,0,20,0.5,-191.586040036,0.168399999976,318.718120148,36.1725633893
221,-1.08074534161,9.51219512195,0.370688695499,0.268839115818,19.4683621188,-0.0606145341377,2.54493229542,-0.0214761341295,Sr20R21_phi0_alpha0_U20_loc10_tr.dat,serrated,0,0,20,0.5,-83.8343055754,0.103648080427,335.49275805,36.3219917671
222,-1.08074534161,9.98780487805,0.346036567938,0.220049501062,19.517658157,-0.0550528051894,2.5688196592,-0.0211585647813,Sr20R21_phi0_alpha0_U20_loc10_tr.dat,serrated,0,0,20,0.5,-29.8475262449,0.0632567642744,352.267395953,36.4139630528
223,-1.08074534161,10.4634146341,0.331661918214,0.183304371328,19.5477436913,-0.0513301604029,2.59066764795,-0.0221248069074,Sr20R21_phi0_alpha0_U20_loc10_tr.dat,serrated,0,0,20,0.5,-5.06664729055,0.0504244593324,369.042033856,36.4700934309
224,-1.08074534161,10.9390243902,0.321638806967,0.155926053661,19.5717260561,-0.056053702049,2.61041911327,-0.0225639940494,Sr20R21_phi0_alpha0_U20_loc10_tr.dat,serrated,0,0,20,0.5,0.878902047121,0.0470433659099,385.816671758,36.514837167
225,-1.08074534161,11.4146341463,0.314412835819,0.134703582695,19.5941003399,-0.0567159939388,2.62902097033,-0.0227613346042,Sr20R21_phi0_alpha0_U20_loc10_tr.dat,serrated,0,0,20,0.5,-0.0796091172001,0.0511532300794,402.591309661,36.5565807172
226,-1.08074534161,11.8902439024,0.309168673811,0.119604994754,19.6184293151,-0.0542731528492,2.64591847154,-0.0226139631367,Sr20R21_phi0_alpha0_U20_loc10_tr.dat,serrated,0,0,20,0.5,-1.43806337424,0.0450010351893,419.365947563,36.6019711221
227,-1.08074534161,12.3658536585,0.306643794433,0.10839410847,19.6398322465,-0.0582577109549,2.66358629324,-0.0228082408328,Sr20R21_phi0_alpha0_U20_loc10_tr.dat,serrated,0,0,20,0.5,3.05983085152,0.0430380509772,436.140585466,36.6419024267
228,-1.08074534161,12.8414634146,0.304593848971,0.0992177800961,19.6603015634,-0.0563965702492,2.68026248308,-0.0229466639924,Sr20R21_phi0_alpha0_U20_loc10_tr.dat,serrated,0,0,20,0.5,2.111239307,0.0441219603132,452.915223368,36.6800918931
229,-1.08074534161,13.3170731707,0.302678173634,0.0924805909027,19.6812863982,-0.0593610066916,2.69506836677,-0.0229841597604,Sr20R21_phi0_alpha0_U20_loc10_tr.dat,serrated,0,0,20,0.5,1.40743627646,0.03982672319,469.689861271,36.7192431577
230,-1.08074534161,13.7926829268,0.302380655387,0.0871970136823,19.7002283763,-0.0578806912536,2.71089131682,-0.0232088816048,Sr20R21_phi0_alpha0_U20_loc10_tr.dat,serrated,0,0,20,0.5,0.883946105527,0.042396504154,486.464499173,36.7545830783
231,-1.08074534161,14.2682926829,0.302280012312,0.0822059378481,19.7203925673,-0.0634609141272,2.72572835695,-0.023452245812,Sr20R21_phi0_alpha0_U20_loc10_tr.dat,serrated,0,0,20,0.5,-0.40817757282,0.0387512004108,503.239137076,36.7922032734
232,-1.08074534161,14.743902439,0.301954184409,0.0791282238574,19.7388230163,-0.0635206448358,2.74192039247,-0.0235859214956,Sr20R21_phi0_alpha0_U20_loc10_tr.dat,serrated,0,0,20,0.5,0.161928168458,0.0395307009148,520.013774978,36.8265888376
233,-1.08074534161,15.2195121951,0.302185517803,0.0763806138932,19.7576242033,-0.0658750677972,2.75724823425,-0.0236926881013,Sr20R21_phi0_alpha0_U20_loc10_tr.dat,serrated,0,0,20,0.5,-0.687379965091,0.0375473270249,536.788412881,36.8616660853
234,-1.08074534161,15.6951219512,0.30192673825,0.0735992404749,19.7754820784,-0.0684897991014,2.77158225924,-0.023616727702,Sr20R21_phi0_alpha0_U20_loc10_tr.dat,serrated,0,0,20,0.5,0.110255268334,0.0368600703187,553.563050783,36.8949834022
235,-1.08074534161,16.1707317073,0.301482500713,0.0719388518446,19.7930130874,-0.0707388313673,2.78556321259,-0.0235187659361,Sr20R21_phi0_alpha0_U20_loc10_tr.dat,serrated,0,0,20,0.5,-1.7523099503,0.0353301959661,570.337688686,36.9276908874
236,-1.08074534161,16.6463414634,0.30222987009,0.0708340994521,19.8098164733,-0.0728949184477,2.79945064979,-0.0237414652288,Sr20R21_phi0_alpha0_U20_loc10_tr.dat,serrated,0,0,20,0.5,-0.468818219493,0.0336156829017,587.112326588,36.959040851
237,-1.08074534161,17.1219512195,0.302291653448,0.0700260904219,19.8258044201,-0.073302250735,2.81437479465,-0.0238447167752,Sr20R21_phi0_alpha0_U20_loc10_tr.dat,serrated,0,0,20,0.5,-0.188124999038,0.0311663456871,603.886964491,36.9888694553
238,-1.08074534161,17.5975609756,0.301819437308,0.068665840821,19.8406274381,-0.0798969546377,2.82841036764,-0.0239038856366,Sr20R21_phi0_alpha0_U20_loc10_tr.dat,serrated,0,0,20,0.5,1.33561197683,0.0308884586599,620.661602393,37.0165246601
239,-1.08074534161,18.0731707317,0.301291586059,0.0678613615489,19.8553182904,-0.08335010224,2.84308798337,-0.0238987232979,Sr20R21_phi0_alpha0_U20_loc10_tr.dat,serrated,0,0,20,0.5,0.930561122599,0.0332618092962,637.436240296,37.043933284
240,-1.08074534161,18.5487804878,0.30118729681,0.0672718846249,19.8711379314,-0.0892282411077,2.85637746929,-0.0237486602066,Sr20R21_phi0_alpha0_U20_loc10_tr.dat,serrated,0,0,20,0.5,0.539854339454,0.0272998260944,654.210878198,37.0734478814
241,-1.08074534161,19.0243902439,0.302125855096,0.0681211222369,19.8841219951,-0.0928364857496,2.86941841743,-0.0237208864625,Sr20R21_phi0_alpha0_U20_loc10_tr.dat,serrated,0,0,20,0.5,2.97326557441,0.026577546309,670.985516101,37.0976721613
242,-1.08074534161,19.5,0.302431917172,0.0678996074946,19.8967625354,-0.0966016569346,2.88347916231,-0.0238777766433,Sr20R21_phi0_alpha0_U20_loc10_tr.dat,serrated,0,0,20,0.5,1.6528261762,0.0299564972231,687.760154003,37.121255532
243,-1.08074534161,19.9756097561,0.303004077405,0.0673742619736,19.9110101377,-0.0979226524748,2.89736826684,-0.0240942778005,Sr20R21_phi0_alpha0_U20_loc10_tr.dat,serrated,0,0,20,0.5,0.864998608014,0.0289935877421,704.534791906,37.1478371875
244,-1.08074534161,20.4512195122,0.303222835843,0.0673860577761,19.9247997709,-0.102285579684,2.91194967611,-0.0241336278954,Sr20R21_phi0_alpha0_U20_loc10_tr.dat,serrated,0,0,20,0.5,3.4546044499,0.0213989008007,721.309429808,37.173564413
245,-1.08074534161,23.7804878049,0.000117183073843,3.2500570308e-05,0.00810252122931,-2.54827228801e-05,0.00117577503748,-6.74501147011e-06,Sr20R21_phi0_alpha0_U20_loc10_tr.dat,serrated,0,0,20,0.5,-2059.34920822,0.0692307062294,838.731895126,0.0151168191545
